-- phpMyAdmin SQL Dump
-- version 3.4.11.1deb2+deb7u8
-- http://www.phpmyadmin.net
--
-- Host: localhost
-- Generation Time: Jun 15, 2017 at 11:34 PM
-- Server version: 5.5.55
-- PHP Version: 5.4.45-0+deb7u8

SET SQL_MODE="NO_AUTO_VALUE_ON_ZERO";
SET time_zone = "+00:00";


/*!40101 SET @OLD_CHARACTER_SET_CLIENT=@@CHARACTER_SET_CLIENT */;
/*!40101 SET @OLD_CHARACTER_SET_RESULTS=@@CHARACTER_SET_RESULTS */;
/*!40101 SET @OLD_COLLATION_CONNECTION=@@COLLATION_CONNECTION */;
/*!40101 SET NAMES utf8 */;

--
-- Database: `WebDiP2016x043`
--

-- --------------------------------------------------------

--
-- Table structure for table `config`
--

CREATE TABLE IF NOT EXISTS `config` (
  `sesija` int(11) NOT NULL,
  `bnp` tinyint(4) NOT NULL,
  `stranicenje` int(11) NOT NULL,
  `pomak` int(11) NOT NULL,
  `aktivacija` int(11) NOT NULL
) ENGINE=InnoDB DEFAULT CHARSET=utf8;

--
-- Dumping data for table `config`
--

INSERT INTO `config` (`sesija`, `bnp`, `stranicenje`, `pomak`, `aktivacija`) VALUES
(3600, 3, 10, 0, 5);

-- --------------------------------------------------------

--
-- Table structure for table `dnevnik`
--

CREATE TABLE IF NOT EXISTS `dnevnik` (
  `id_dnevnik` int(11) NOT NULL AUTO_INCREMENT,
  `upit` text,
  `radnja` varchar(50) DEFAULT NULL,
  `vrijeme` datetime NOT NULL,
  `tip_radnje` varchar(25) NOT NULL,
  `id_korisnik` int(11) NOT NULL,
  PRIMARY KEY (`id_dnevnik`),
  KEY `fk_dnevnik_korisnik_idx` (`id_korisnik`)
) ENGINE=InnoDB  DEFAULT CHARSET=utf8 AUTO_INCREMENT=1478 ;

--
-- Dumping data for table `dnevnik`
--

INSERT INTO `dnevnik` (`id_dnevnik`, `upit`, `radnja`, `vrijeme`, `tip_radnje`, `id_korisnik`) VALUES
(155, NULL, 'Uspješna prijava', '2017-05-30 13:39:04', 'Prijava i odjava', 1),
(156, NULL, 'Uspješna prijava', '2017-05-30 15:13:40', 'Prijava i odjava', 1),
(157, NULL, 'Uspješna prijava', '2017-05-30 16:24:42', 'Prijava i odjava', 1),
(158, NULL, 'Uspješna prijava', '2017-05-30 16:49:48', 'Prijava i odjava', 1),
(159, NULL, 'Uspješna prijava', '2017-05-30 19:23:18', 'Prijava i odjava', 1),
(160, NULL, 'Neuspješna prijava', '2017-05-30 21:36:58', 'Prijava i odjava', 1),
(161, NULL, 'Uspješna prijava', '2017-05-30 21:37:07', 'Prijava i odjava', 1),
(162, NULL, 'Uspješna prijava', '2017-05-30 22:24:41', 'Prijava i odjava', 1),
(163, NULL, 'Odjava', '2017-05-30 23:16:18', 'Prijava i odjava', 1),
(164, NULL, 'Uspješna prijava', '2017-05-30 23:16:41', 'Prijava i odjava', 1),
(165, NULL, 'Odjava', '2017-05-30 23:18:10', 'Prijava i odjava', 1),
(166, NULL, 'Neuspješna prijava', '2017-05-31 12:21:23', 'Prijava i odjava', 1),
(167, NULL, 'Uspješna prijava', '2017-05-31 12:21:28', 'Prijava i odjava', 1),
(168, NULL, 'Uspješna prijava', '2017-05-31 12:46:31', 'Prijava i odjava', 1),
(169, NULL, 'Promjena postavki sustava', '2017-05-31 12:51:53', 'Ostale radnje', 1),
(170, NULL, 'Odjava', '2017-05-31 13:40:01', 'Prijava i odjava', 1),
(171, NULL, 'Uspješna prijava', '2017-05-31 13:40:10', 'Prijava i odjava', 2),
(172, NULL, 'Odjava', '2017-05-31 13:40:13', 'Prijava i odjava', 2),
(173, NULL, 'Uspješna prijava', '2017-05-31 13:40:18', 'Prijava i odjava', 2),
(174, NULL, 'Odjava', '2017-05-31 13:40:30', 'Prijava i odjava', 2),
(175, NULL, 'Uspješna prijava', '2017-05-31 13:40:36', 'Prijava i odjava', 1),
(176, NULL, 'Uspješna prijava', '2017-05-31 14:41:34', 'Prijava i odjava', 1),
(177, NULL, 'Odjava', '2017-05-31 15:13:09', 'Prijava i odjava', 1),
(178, NULL, 'Neuspješna prijava', '2017-05-31 15:13:17', 'Prijava i odjava', 14),
(179, NULL, 'Neuspješna prijava', '2017-05-31 15:14:56', 'Prijava i odjava', 14),
(180, NULL, 'Neuspješna prijava', '2017-05-31 15:14:57', 'Prijava i odjava', 14),
(181, NULL, 'Neuspješna prijava', '2017-05-31 15:14:58', 'Prijava i odjava', 14),
(182, NULL, 'Neuspješna prijava', '2017-05-31 15:14:59', 'Prijava i odjava', 14),
(183, NULL, 'Neuspješna prijava', '2017-05-31 15:15:00', 'Prijava i odjava', 14),
(184, NULL, 'Neuspješna prijava', '2017-05-31 15:15:39', 'Prijava i odjava', 14),
(185, NULL, 'Neuspješna prijava', '2017-05-31 15:16:42', 'Prijava i odjava', 1),
(186, NULL, 'Neuspješna prijava', '2017-05-31 15:20:00', 'Prijava i odjava', 1),
(187, NULL, 'Neuspješna prijava', '2017-05-31 15:20:47', 'Prijava i odjava', 1),
(188, NULL, 'Neuspješna prijava', '2017-05-31 15:21:15', 'Prijava i odjava', 1),
(189, NULL, 'Neuspješna prijava', '2017-05-31 15:21:17', 'Prijava i odjava', 1),
(190, NULL, 'Zaključavanje koisnika', '2017-05-31 15:21:17', 'Prijava i odjava', 1),
(191, NULL, 'Neuspješna prijava', '2017-05-31 15:27:01', 'Prijava i odjava', 1),
(192, NULL, 'Neuspješna prijava', '2017-05-31 15:27:15', 'Prijava i odjava', 1),
(193, NULL, 'Uspješna prijava', '2017-05-31 15:27:21', 'Prijava i odjava', 1),
(194, NULL, 'Uspješna prijava', '2017-05-31 16:08:49', 'Prijava i odjava', 1),
(195, NULL, 'Uspješna prijava', '2017-05-31 16:39:35', 'Prijava i odjava', 1),
(196, NULL, 'Odjava', '2017-05-31 16:40:30', 'Prijava i odjava', 1),
(197, NULL, 'Uspješna prijava', '2017-05-31 16:40:43', 'Prijava i odjava', 1),
(198, NULL, 'Uspješna prijava', '2017-05-31 17:01:34', 'Prijava i odjava', 1),
(199, NULL, 'Uspješna prijava', '2017-05-31 17:23:28', 'Prijava i odjava', 1),
(200, NULL, 'Uspješna prijava', '2017-05-31 18:25:21', 'Prijava i odjava', 1),
(201, NULL, 'Uspješna prijava', '2017-05-31 20:28:26', 'Prijava i odjava', 1),
(202, NULL, 'Uspješna prijava', '2017-05-31 21:05:53', 'Prijava i odjava', 1),
(203, NULL, 'Uspješna prijava', '2017-05-31 22:07:11', 'Prijava i odjava', 1),
(204, NULL, 'Uspješna prijava', '2017-06-01 11:40:21', 'Prijava i odjava', 1),
(205, NULL, 'Uspješna prijava', '2017-06-01 12:25:18', 'Prijava i odjava', 1),
(206, NULL, 'Uspješna prijava', '2017-06-01 13:31:38', 'Prijava i odjava', 1),
(207, NULL, 'Uspješna prijava', '2017-06-01 14:24:39', 'Prijava i odjava', 1),
(208, NULL, 'Uspješna prijava', '2017-06-01 15:06:24', 'Prijava i odjava', 1),
(209, NULL, 'Odjava', '2017-06-01 15:07:48', 'Prijava i odjava', 1),
(210, NULL, 'Uspješna prijava', '2017-06-01 15:07:58', 'Prijava i odjava', 1),
(211, NULL, 'Uspješna prijava', '2017-06-01 15:38:10', 'Prijava i odjava', 1),
(212, NULL, 'Uspješna prijava', '2017-06-01 21:18:15', 'Prijava i odjava', 1),
(213, NULL, 'Odjava', '2017-06-01 22:33:08', 'Prijava i odjava', 1),
(214, NULL, 'Uspješna prijava', '2017-06-01 22:33:15', 'Prijava i odjava', 1),
(215, NULL, 'Odjava', '2017-06-01 22:33:36', 'Prijava i odjava', 1),
(216, NULL, 'Uspješna prijava', '2017-06-02 15:23:58', 'Prijava i odjava', 1),
(217, NULL, 'Neuspješna prijava', '2017-06-02 16:04:32', 'Prijava i odjava', 1),
(218, NULL, 'Uspješna prijava', '2017-06-02 16:04:36', 'Prijava i odjava', 1),
(219, NULL, 'Uspješna prijava', '2017-06-02 16:21:42', 'Prijava i odjava', 1),
(220, NULL, 'Odjava', '2017-06-02 17:55:29', 'Prijava i odjava', 1),
(221, NULL, 'Uspješna prijava', '2017-06-02 17:57:20', 'Prijava i odjava', 24),
(222, NULL, 'Odjava', '2017-06-02 17:58:22', 'Prijava i odjava', 24),
(223, NULL, 'Neuspješna prijava', '2017-06-02 17:58:26', 'Prijava i odjava', 24),
(224, NULL, 'Uspješna prijava', '2017-06-02 17:58:32', 'Prijava i odjava', 1),
(225, NULL, 'Odjava', '2017-06-02 17:59:34', 'Prijava i odjava', 1),
(226, NULL, 'Uspješna prijava', '2017-06-02 18:00:03', 'Prijava i odjava', 24),
(227, NULL, 'Uspješna prijava', '2017-06-02 18:05:50', 'Prijava i odjava', 24),
(228, NULL, 'Odjava', '2017-06-02 18:05:52', 'Prijava i odjava', 24),
(229, NULL, 'Uspješna prijava', '2017-06-02 18:05:57', 'Prijava i odjava', 24),
(230, NULL, 'Odjava', '2017-06-02 18:09:52', 'Prijava i odjava', 24),
(231, NULL, 'Uspješna prijava', '2017-06-02 18:09:57', 'Prijava i odjava', 24),
(232, NULL, 'Odjava', '2017-06-02 18:11:42', 'Prijava i odjava', 24),
(233, NULL, 'Uspješna prijava', '2017-06-02 18:11:47', 'Prijava i odjava', 24),
(234, NULL, 'Odjava', '2017-06-02 18:12:06', 'Prijava i odjava', 24),
(235, NULL, 'Uspješna prijava', '2017-06-02 18:12:10', 'Prijava i odjava', 24),
(236, NULL, 'Uspješna prijava', '2017-06-02 18:13:23', 'Prijava i odjava', 24),
(237, NULL, 'Odjava', '2017-06-02 18:13:25', 'Prijava i odjava', 24),
(238, NULL, 'Uspješna prijava', '2017-06-02 18:13:31', 'Prijava i odjava', 24),
(239, NULL, 'Uspješna prijava', '2017-06-02 18:14:25', 'Prijava i odjava', 24),
(240, NULL, 'Odjava', '2017-06-02 18:14:27', 'Prijava i odjava', 24),
(241, NULL, 'Uspješna prijava', '2017-06-02 18:14:32', 'Prijava i odjava', 24),
(242, NULL, 'Odjava', '2017-06-02 18:17:03', 'Prijava i odjava', 24),
(243, NULL, 'Uspješna prijava', '2017-06-02 18:17:09', 'Prijava i odjava', 24),
(244, NULL, 'Odjava', '2017-06-02 18:17:24', 'Prijava i odjava', 24),
(245, NULL, 'Uspješna prijava', '2017-06-02 18:17:28', 'Prijava i odjava', 24),
(246, NULL, 'Odjava', '2017-06-02 18:17:43', 'Prijava i odjava', 24),
(247, NULL, 'Uspješna prijava', '2017-06-02 18:18:35', 'Prijava i odjava', 24),
(248, NULL, 'Odjava', '2017-06-02 18:18:42', 'Prijava i odjava', 24),
(249, NULL, 'Uspješna prijava', '2017-06-02 18:18:51', 'Prijava i odjava', 24),
(250, NULL, 'Odjava', '2017-06-02 18:19:16', 'Prijava i odjava', 24),
(251, NULL, 'Uspješna prijava', '2017-06-02 18:19:22', 'Prijava i odjava', 1),
(252, NULL, 'Uspješna prijava', '2017-06-02 18:42:10', 'Prijava i odjava', 1),
(253, NULL, 'Uspješna prijava', '2017-06-02 19:10:15', 'Prijava i odjava', 1),
(254, NULL, 'Uspješna prijava', '2017-06-02 19:32:41', 'Prijava i odjava', 1),
(255, NULL, 'Uspješna prijava', '2017-06-04 19:59:40', 'Prijava i odjava', 24),
(256, NULL, 'Odjava', '2017-06-04 20:00:41', 'Prijava i odjava', 24),
(257, NULL, 'Uspješna prijava', '2017-06-04 20:01:13', 'Prijava i odjava', 24),
(258, NULL, 'Odjava', '2017-06-04 20:02:29', 'Prijava i odjava', 24),
(259, NULL, 'Uspješna prijava', '2017-06-04 20:02:47', 'Prijava i odjava', 1),
(260, NULL, 'Uspješna prijava', '2017-06-02 20:23:43', 'Prijava i odjava', 1),
(261, NULL, 'Uspješna prijava', '2017-06-02 20:54:14', 'Prijava i odjava', 1),
(262, NULL, 'Uspješna prijava', '2017-06-02 22:56:08', 'Prijava i odjava', 1),
(263, NULL, 'Uspješna prijava', '2017-06-02 23:48:47', 'Prijava i odjava', 1),
(264, NULL, 'Uspješna prijava', '2017-06-03 14:50:33', 'Prijava i odjava', 1),
(265, NULL, 'Odjava', '2017-06-03 15:07:34', 'Prijava i odjava', 1),
(266, NULL, 'Uspješna prijava', '2017-06-03 15:19:13', 'Prijava i odjava', 2),
(267, NULL, 'Uspješna prijava', '2017-06-03 15:40:48', 'Prijava i odjava', 2),
(268, NULL, 'Odjava', '2017-06-03 15:48:56', 'Prijava i odjava', 2),
(269, NULL, 'Uspješna prijava', '2017-06-03 15:49:03', 'Prijava i odjava', 1),
(270, NULL, 'Odjava', '2017-06-03 16:06:03', 'Prijava i odjava', 1),
(271, NULL, 'Uspješna prijava', '2017-06-03 16:06:10', 'Prijava i odjava', 2),
(272, NULL, 'Pregled programa', '2017-06-03 16:14:37', 'Ostale radnje', 2),
(273, NULL, 'Pregled programa', '2017-06-03 16:21:17', 'Ostale radnje', 2),
(274, NULL, 'Pregled programa', '2017-06-03 16:21:26', 'Ostale radnje', 2),
(275, NULL, 'Pregled programa', '2017-06-03 16:21:50', 'Ostale radnje', 2),
(276, NULL, 'Odjava', '2017-06-03 16:28:20', 'Prijava i odjava', 2),
(277, NULL, 'Uspješna prijava', '2017-06-03 16:28:30', 'Prijava i odjava', 3),
(278, NULL, 'Pregled programa', '2017-06-03 16:28:32', 'Ostale radnje', 3),
(279, NULL, 'Odjava', '2017-06-03 16:30:05', 'Prijava i odjava', 3),
(280, NULL, 'Uspješna prijava', '2017-06-03 16:30:21', 'Prijava i odjava', 2),
(281, NULL, 'Pregled programa', '2017-06-03 16:30:30', 'Ostale radnje', 2),
(282, NULL, 'Pregled programa', '2017-06-03 16:31:02', 'Ostale radnje', 2),
(283, NULL, 'Uspješna prijava', '2017-06-03 16:52:49', 'Prijava i odjava', 2),
(284, NULL, 'Pregled programa', '2017-06-03 16:52:51', 'Ostale radnje', 2),
(285, NULL, 'Pregled programa', '2017-06-03 16:52:59', 'Ostale radnje', 2),
(286, NULL, 'Pregled programa', '2017-06-03 16:53:15', 'Ostale radnje', 2),
(287, NULL, 'Pregled programa', '2017-06-03 16:54:09', 'Ostale radnje', 2),
(288, NULL, 'Pregled programa', '2017-06-03 16:57:06', 'Ostale radnje', 2),
(289, NULL, 'Pregled programa', '2017-06-03 17:06:56', 'Ostale radnje', 2),
(290, NULL, 'Pregled programa', '2017-06-03 17:07:59', 'Ostale radnje', 2),
(291, NULL, 'Pregled programa', '2017-06-03 17:08:07', 'Ostale radnje', 2),
(292, NULL, 'Pregled programa', '2017-06-03 17:10:29', 'Ostale radnje', 2),
(293, NULL, 'Pregled programa', '2017-06-03 17:11:23', 'Ostale radnje', 2),
(294, NULL, 'Pregled programa', '2017-06-03 17:13:08', 'Ostale radnje', 2),
(295, NULL, 'Pregled programa', '2017-06-03 17:13:44', 'Ostale radnje', 2),
(296, NULL, 'Pregled programa', '2017-06-03 17:13:52', 'Ostale radnje', 2),
(297, NULL, 'Pregled programa', '2017-06-03 17:15:22', 'Ostale radnje', 2),
(298, NULL, 'Pregled programa', '2017-06-03 17:15:31', 'Ostale radnje', 2),
(299, NULL, 'Pregled programa', '2017-06-03 17:16:25', 'Ostale radnje', 2),
(300, NULL, 'Pregled programa', '2017-06-03 17:16:40', 'Ostale radnje', 2),
(301, NULL, 'Pregled programa', '2017-06-03 17:18:37', 'Ostale radnje', 2),
(302, NULL, 'Odjava', '2017-06-03 17:21:50', 'Prijava i odjava', 2),
(303, NULL, 'Uspješna prijava', '2017-06-03 17:21:57', 'Prijava i odjava', 1),
(304, NULL, 'Odjava', '2017-06-03 17:28:13', 'Prijava i odjava', 1),
(305, NULL, 'Uspješna prijava', '2017-06-03 17:28:25', 'Prijava i odjava', 2),
(306, NULL, 'Pregled programa', '2017-06-03 17:28:29', 'Ostale radnje', 2),
(307, NULL, 'Pregled programa', '2017-06-03 17:29:09', 'Ostale radnje', 2),
(308, NULL, 'Pregled programa', '2017-06-03 17:30:33', 'Ostale radnje', 2),
(309, NULL, 'Pregled programa', '2017-06-03 17:31:38', 'Ostale radnje', 2),
(310, NULL, 'Odjava', '2017-06-03 17:33:06', 'Prijava i odjava', 2),
(311, NULL, 'Uspješna prijava', '2017-06-03 17:33:15', 'Prijava i odjava', 3),
(312, NULL, 'Pregled programa', '2017-06-03 17:33:16', 'Ostale radnje', 3),
(313, NULL, 'Pregled programa', '2017-06-03 17:35:42', 'Ostale radnje', 3),
(314, NULL, 'Pregled programa', '2017-06-03 17:35:56', 'Ostale radnje', 3),
(315, NULL, 'Pregled programa', '2017-06-03 17:36:01', 'Ostale radnje', 3),
(316, NULL, 'Pregled programa', '2017-06-03 17:37:25', 'Ostale radnje', 3),
(317, NULL, 'Pregled programa', '2017-06-03 17:39:21', 'Ostale radnje', 3),
(318, NULL, 'Pregled programa', '2017-06-03 17:40:06', 'Ostale radnje', 3),
(319, NULL, 'Pregled programa', '2017-06-03 17:45:20', 'Ostale radnje', 3),
(320, NULL, 'Pregled programa', '2017-06-03 17:49:48', 'Ostale radnje', 3),
(321, NULL, 'Odjava', '2017-06-03 17:49:53', 'Prijava i odjava', 3),
(322, NULL, 'Uspješna prijava', '2017-06-03 17:50:00', 'Prijava i odjava', 1),
(323, NULL, 'Pregled programa', '2017-06-03 17:50:03', 'Ostale radnje', 1),
(324, NULL, 'Odjava', '2017-06-03 17:50:23', 'Prijava i odjava', 1),
(325, NULL, 'Registracija', '2017-06-03 17:57:05', 'Ostale radnje', 25),
(326, NULL, 'Aktivacija računa', '2017-06-03 17:57:42', 'Ostale radnje', 25),
(327, NULL, 'Uspješna prijava', '2017-06-03 17:59:04', 'Prijava i odjava', 25),
(328, NULL, 'Odjava', '2017-06-03 17:59:11', 'Prijava i odjava', 25),
(330, NULL, 'Registracija', '2017-06-03 18:03:21', 'Ostale radnje', 27),
(331, NULL, 'Registracija', '2017-06-03 18:04:02', 'Ostale radnje', 28),
(332, NULL, 'Uspješna prijava', '2017-06-03 18:05:03', 'Prijava i odjava', 25),
(333, NULL, 'Odjava', '2017-06-03 18:05:05', 'Prijava i odjava', 25),
(334, NULL, 'Uspješna prijava', '2017-06-03 18:18:44', 'Prijava i odjava', 1),
(335, NULL, 'Odjava', '2017-06-03 18:21:10', 'Prijava i odjava', 1),
(336, NULL, 'Uspješna prijava', '2017-06-03 18:21:18', 'Prijava i odjava', 2),
(337, NULL, 'Pregled programa', '2017-06-03 18:21:22', 'Ostale radnje', 2),
(338, NULL, 'Pregled programa', '2017-06-03 18:25:32', 'Ostale radnje', 2),
(339, NULL, 'Pregled programa', '2017-06-03 18:26:10', 'Ostale radnje', 2),
(340, NULL, 'Pregled programa', '2017-06-03 18:27:21', 'Ostale radnje', 2),
(341, NULL, 'Odjava', '2017-06-03 18:27:33', 'Prijava i odjava', 2),
(342, NULL, 'Uspješna prijava', '2017-06-03 18:27:42', 'Prijava i odjava', 3),
(343, NULL, 'Pregled programa', '2017-06-03 18:27:43', 'Ostale radnje', 3),
(344, NULL, 'Odjava', '2017-06-03 18:28:25', 'Prijava i odjava', 3),
(345, NULL, 'Uspješna prijava', '2017-06-03 18:28:36', 'Prijava i odjava', 2),
(346, NULL, 'Pregled programa', '2017-06-03 18:28:42', 'Ostale radnje', 2),
(347, NULL, 'Odjava', '2017-06-03 18:29:24', 'Prijava i odjava', 2),
(348, NULL, 'Uspješna prijava', '2017-06-03 18:30:16', 'Prijava i odjava', 2),
(349, NULL, 'Pregled programa', '2017-06-03 18:30:18', 'Ostale radnje', 2),
(350, NULL, 'Uspješna prijava', '2017-06-03 19:45:50', 'Prijava i odjava', 2),
(351, NULL, 'Pregled programa', '2017-06-03 19:46:25', 'Ostale radnje', 2),
(352, NULL, 'Pregled programa', '2017-06-03 19:48:25', 'Ostale radnje', 2),
(353, NULL, 'Pregled programa', '2017-06-03 19:52:57', 'Ostale radnje', 2),
(354, NULL, 'Pregled programa', '2017-06-03 19:57:15', 'Ostale radnje', 2),
(355, NULL, 'Pregled programa', '2017-06-03 20:02:53', 'Ostale radnje', 2),
(356, NULL, 'Pregled programa', '2017-06-03 20:03:13', 'Ostale radnje', 2),
(357, NULL, 'Pregled programa', '2017-06-03 20:08:36', 'Ostale radnje', 2),
(358, NULL, 'Pregled programa', '2017-06-03 20:09:02', 'Ostale radnje', 2),
(359, NULL, 'Pregled programa', '2017-06-03 20:09:14', 'Ostale radnje', 2),
(360, NULL, 'Pregled programa', '2017-06-03 20:10:45', 'Ostale radnje', 2),
(361, NULL, 'Pregled programa', '2017-06-03 20:10:52', 'Ostale radnje', 2),
(362, NULL, 'Odjava', '2017-06-03 20:11:41', 'Prijava i odjava', 2),
(363, NULL, 'Uspješna prijava', '2017-06-03 20:11:51', 'Prijava i odjava', 1),
(364, NULL, 'Pregled programa', '2017-06-03 20:11:53', 'Ostale radnje', 1),
(365, NULL, 'Odjava', '2017-06-03 20:12:42', 'Prijava i odjava', 1),
(366, NULL, 'Uspješna prijava', '2017-06-03 20:12:52', 'Prijava i odjava', 2),
(367, NULL, 'Pregled programa', '2017-06-03 20:21:35', 'Ostale radnje', 2),
(368, NULL, 'Pregled programa', '2017-06-03 20:24:11', 'Ostale radnje', 2),
(369, NULL, 'Pregled programa', '2017-06-03 20:24:16', 'Ostale radnje', 2),
(370, NULL, 'Pregled programa', '2017-06-03 20:24:22', 'Ostale radnje', 2),
(371, NULL, 'Pregled programa', '2017-06-03 20:24:26', 'Ostale radnje', 2),
(372, NULL, 'Pregled programa', '2017-06-03 20:24:33', 'Ostale radnje', 2),
(373, NULL, 'Pregled programa', '2017-06-03 20:26:34', 'Ostale radnje', 2),
(374, NULL, 'Pregled programa', '2017-06-03 20:37:47', 'Ostale radnje', 2),
(375, NULL, 'Neuspješna prijava', '2017-06-03 21:21:25', 'Prijava i odjava', 13),
(376, NULL, 'Uspješna prijava', '2017-06-03 21:21:34', 'Prijava i odjava', 13),
(377, NULL, 'Pregled programa', '2017-06-03 21:21:37', 'Ostale radnje', 13),
(378, NULL, 'Pregled programa', '2017-06-03 21:23:39', 'Ostale radnje', 13),
(379, NULL, 'Pregled programa', '2017-06-03 21:24:28', 'Ostale radnje', 13),
(380, NULL, 'Odjava', '2017-06-03 21:24:48', 'Prijava i odjava', 13),
(381, NULL, 'Uspješna prijava', '2017-06-03 21:25:01', 'Prijava i odjava', 2),
(382, NULL, 'Pregled programa', '2017-06-03 21:25:03', 'Ostale radnje', 2),
(383, NULL, 'Uspješna prijava', '2017-06-03 23:07:39', 'Prijava i odjava', 2),
(384, NULL, 'Pregled programa', '2017-06-03 23:07:41', 'Ostale radnje', 2),
(385, NULL, 'Pregled programa', '2017-06-03 23:30:24', 'Ostale radnje', 2),
(386, NULL, 'Pregled programa', '2017-06-03 23:31:54', 'Ostale radnje', 2),
(387, NULL, 'Uspješna prijava', '2017-06-04 12:02:04', 'Prijava i odjava', 2),
(388, NULL, 'Pregled programa', '2017-06-04 12:02:06', 'Ostale radnje', 2),
(389, NULL, 'Uspješna prijava', '2017-06-04 12:21:35', 'Prijava i odjava', 2),
(390, NULL, 'Pregled programa', '2017-06-04 12:21:52', 'Ostale radnje', 2),
(391, NULL, 'Neuspješna prijava', '2017-06-04 12:40:58', 'Prijava i odjava', 2),
(392, NULL, 'Uspješna prijava', '2017-06-04 12:41:05', 'Prijava i odjava', 2),
(393, NULL, 'Pregled programa', '2017-06-04 12:41:07', 'Ostale radnje', 2),
(394, NULL, 'Uspješna prijava', '2017-06-04 13:05:21', 'Prijava i odjava', 2),
(395, NULL, 'Pregled programa', '2017-06-04 13:05:24', 'Ostale radnje', 2),
(396, NULL, 'Uspješna prijava', '2017-06-04 13:47:06', 'Prijava i odjava', 2),
(397, NULL, 'Pregled programa', '2017-06-04 13:47:50', 'Ostale radnje', 2),
(401, NULL, 'Odjava', '2017-06-04 14:02:20', 'Prijava i odjava', 2),
(402, NULL, 'Uspješna prijava', '2017-06-04 14:02:33', 'Prijava i odjava', 1),
(403, NULL, 'Odjava', '2017-06-04 14:16:02', 'Prijava i odjava', 1),
(404, NULL, 'Uspješna prijava', '2017-06-04 14:16:45', 'Prijava i odjava', 2),
(405, NULL, 'Pregled programa', '2017-06-04 14:21:07', 'Ostale radnje', 2),
(407, 'INSERT INTO program VALUES (NULL, "Nekaj", "Nekaj.", 7, 2017, 0, 15, "DA", 2, 2);', NULL, '2017-06-04 14:22:12', 'Rad s bazom', 2),
(408, NULL, 'Pregled programa', '2017-06-04 14:22:14', 'Ostale radnje', 2),
(409, NULL, 'Odjava', '2017-06-04 14:31:18', 'Prijava i odjava', 2),
(410, NULL, 'Uspješna prijava', '2017-06-04 14:31:25', 'Prijava i odjava', 1),
(411, NULL, 'Uspješna prijava', '2017-06-04 23:15:22', 'Prijava i odjava', 1),
(412, NULL, 'Uspješna prijava', '2017-06-05 23:20:00', 'Prijava i odjava', 1),
(413, NULL, 'Odjava', '2017-06-04 23:51:45', 'Prijava i odjava', 1),
(414, NULL, 'Uspješna prijava', '2017-06-04 23:52:00', 'Prijava i odjava', 2),
(415, NULL, 'Pregled programa', '2017-06-04 23:52:15', 'Ostale radnje', 2),
(416, NULL, 'Pregled programa', '2017-06-04 23:53:15', 'Ostale radnje', 2),
(417, NULL, 'Uspješna prijava', '2017-06-05 13:17:40', 'Prijava i odjava', 2),
(418, NULL, 'Pregled programa', '2017-06-05 13:17:41', 'Ostale radnje', 2),
(419, NULL, 'Odjava', '2017-06-05 13:17:44', 'Prijava i odjava', 2),
(420, NULL, 'Uspješna prijava', '2017-06-05 13:18:10', 'Prijava i odjava', 6),
(421, NULL, 'Pregled programa', '2017-06-05 13:20:26', 'Ostale radnje', 6),
(422, NULL, 'Pregled programa', '2017-06-05 13:20:36', 'Ostale radnje', 6),
(423, NULL, 'Pregled programa', '2017-06-05 13:29:49', 'Ostale radnje', 6),
(424, NULL, 'Pregled programa', '2017-06-05 13:30:38', 'Ostale radnje', 6),
(425, NULL, 'Pregled programa', '2017-06-05 13:30:44', 'Ostale radnje', 6),
(426, NULL, 'Pregled programa', '2017-06-05 13:38:03', 'Ostale radnje', 6),
(427, NULL, 'Pregled programa', '2017-06-05 13:43:47', 'Ostale radnje', 6),
(428, NULL, 'Pregled programa', '2017-06-05 13:54:49', 'Ostale radnje', 6),
(429, NULL, 'Pregled programa', '2017-06-05 13:55:15', 'Ostale radnje', 6),
(430, NULL, 'Pregled programa', '2017-06-05 13:56:08', 'Ostale radnje', 6),
(431, NULL, 'Pregled programa', '2017-06-05 14:00:44', 'Ostale radnje', 6),
(432, NULL, 'Pregled programa', '2017-06-05 14:03:25', 'Ostale radnje', 6),
(433, NULL, 'Pregled programa', '2017-06-05 14:04:03', 'Ostale radnje', 6),
(434, NULL, 'Pregled programa', '2017-06-05 14:04:48', 'Ostale radnje', 6),
(435, NULL, 'Pregled programa', '2017-06-05 14:14:14', 'Ostale radnje', 6),
(436, NULL, 'Pregled programa', '2017-06-05 14:14:57', 'Ostale radnje', 6),
(437, NULL, 'Pregled programa', '2017-06-05 14:15:21', 'Ostale radnje', 6),
(438, NULL, 'Pregled programa', '2017-06-05 14:15:45', 'Ostale radnje', 6),
(439, NULL, 'Pregled programa', '2017-06-05 14:16:32', 'Ostale radnje', 6),
(440, NULL, 'Pregled programa', '2017-06-05 14:17:44', 'Ostale radnje', 6),
(441, NULL, 'Pregled programa', '2017-06-05 14:18:41', 'Ostale radnje', 6),
(442, NULL, 'Pregled programa', '2017-06-05 14:18:51', 'Ostale radnje', 6),
(443, NULL, 'Pregled programa', '2017-06-05 14:22:44', 'Ostale radnje', 6),
(444, NULL, 'Pregled programa', '2017-06-05 14:27:31', 'Ostale radnje', 6),
(445, NULL, 'Pregled programa', '2017-06-05 14:27:51', 'Ostale radnje', 6),
(446, NULL, 'Pregled programa', '2017-06-05 14:27:52', 'Ostale radnje', 6),
(447, NULL, 'Pregled programa', '2017-06-05 14:30:25', 'Ostale radnje', 6),
(448, NULL, 'Pregled programa', '2017-06-05 14:30:56', 'Ostale radnje', 6),
(449, NULL, 'Pregled programa', '2017-06-05 14:40:08', 'Ostale radnje', 6),
(450, NULL, 'Pregled programa', '2017-06-05 14:41:24', 'Ostale radnje', 6),
(451, NULL, 'Pregled programa', '2017-06-05 14:41:45', 'Ostale radnje', 6),
(452, NULL, 'Pregled programa', '2017-06-05 14:42:00', 'Ostale radnje', 6),
(453, NULL, 'Pregled programa', '2017-06-05 14:52:07', 'Ostale radnje', 6),
(454, NULL, 'Pregled programa', '2017-06-05 14:52:12', 'Ostale radnje', 6),
(455, NULL, 'Pregled programa', '2017-06-05 14:53:11', 'Ostale radnje', 6),
(456, NULL, 'Upis u program', '2017-06-05 14:53:15', 'Ostale radnje', 6),
(457, NULL, 'Pregled programa', '2017-06-05 14:53:16', 'Ostale radnje', 6),
(458, NULL, 'Pregled programa', '2017-06-05 14:56:17', 'Ostale radnje', 6),
(459, NULL, 'Pregled programa', '2017-06-05 14:57:15', 'Ostale radnje', 6),
(460, NULL, 'Pregled programa', '2017-06-05 14:57:28', 'Ostale radnje', 6),
(461, NULL, 'Pregled programa', '2017-06-05 14:57:36', 'Ostale radnje', 6),
(462, NULL, 'Pregled programa', '2017-06-05 15:01:13', 'Ostale radnje', 6),
(463, NULL, 'Pregled programa', '2017-06-05 15:13:19', 'Ostale radnje', 6),
(464, NULL, 'Pregled programa', '2017-06-05 15:13:34', 'Ostale radnje', 6),
(465, NULL, 'Uspješna prijava', '2017-06-05 19:09:09', 'Prijava i odjava', 6),
(466, NULL, 'Pregled programa', '2017-06-05 19:10:31', 'Ostale radnje', 6),
(467, NULL, 'Odjava', '2017-06-05 20:01:48', 'Prijava i odjava', 6),
(468, NULL, 'Uspješna prijava', '2017-06-05 20:01:54', 'Prijava i odjava', 25),
(469, NULL, 'Pregled programa', '2017-06-05 20:02:01', 'Ostale radnje', 25),
(470, NULL, 'Odjava', '2017-06-05 20:20:53', 'Prijava i odjava', 25),
(471, NULL, 'Uspješna prijava', '2017-06-05 20:21:02', 'Prijava i odjava', 1),
(472, NULL, 'Odjava', '2017-06-05 20:49:11', 'Prijava i odjava', 1),
(473, NULL, 'Uspješna prijava', '2017-06-05 20:49:15', 'Prijava i odjava', 25),
(474, NULL, 'Pregled bodova', '2017-06-05 20:49:17', 'Ostale radnje', 25),
(475, NULL, 'Pregled bodova', '2017-06-05 20:49:25', 'Ostale radnje', 25),
(476, NULL, 'Uspješna prijava', '2017-06-06 00:28:42', 'Prijava i odjava', 25),
(477, NULL, 'Pregled bodova', '2017-06-06 00:28:44', 'Ostale radnje', 25),
(478, NULL, 'Pregled bodova', '2017-06-06 00:48:21', 'Ostale radnje', 25),
(479, NULL, 'Pregled programa', '2017-06-06 00:53:45', 'Ostale radnje', 25),
(480, NULL, 'Pregled programa', '2017-06-06 01:08:42', 'Ostale radnje', 25),
(481, NULL, 'Pregled bodova', '2017-06-06 01:08:45', 'Ostale radnje', 25),
(482, NULL, 'Pregled bodova', '2017-06-06 01:09:10', 'Ostale radnje', 25),
(483, NULL, 'Pregled bodova', '2017-06-06 01:09:19', 'Ostale radnje', 25),
(484, NULL, 'Pregled bodova', '2017-06-06 01:09:46', 'Ostale radnje', 25),
(485, NULL, 'Pregled bodova', '2017-06-06 01:12:18', 'Ostale radnje', 25),
(486, NULL, 'Pregled bodova', '2017-06-06 01:12:43', 'Ostale radnje', 25),
(487, NULL, 'Pregled bodova', '2017-06-06 01:13:41', 'Ostale radnje', 25),
(488, NULL, 'Pregled bodova', '2017-06-06 01:14:18', 'Ostale radnje', 25),
(489, NULL, 'Pregled bodova', '2017-06-06 01:14:44', 'Ostale radnje', 25),
(490, NULL, 'Pregled bodova', '2017-06-06 01:20:09', 'Ostale radnje', 25),
(491, NULL, 'Pregled bodova', '2017-06-06 01:21:56', 'Ostale radnje', 25),
(492, NULL, 'Pregled bodova', '2017-06-06 01:22:04', 'Ostale radnje', 25),
(493, NULL, 'Pregled bodova', '2017-06-06 01:22:30', 'Ostale radnje', 25),
(494, NULL, 'Pregled bodova', '2017-06-06 01:32:05', 'Ostale radnje', 25),
(495, NULL, 'Pregled bodova', '2017-06-06 01:32:13', 'Ostale radnje', 25),
(496, NULL, 'Pregled bodova', '2017-06-06 01:32:43', 'Ostale radnje', 25),
(497, NULL, 'Pregled bodova', '2017-06-06 01:33:12', 'Ostale radnje', 25),
(498, NULL, 'Pregled bodova', '2017-06-06 01:33:26', 'Ostale radnje', 25),
(499, NULL, 'Pregled bodova', '2017-06-06 01:34:08', 'Ostale radnje', 25),
(500, NULL, 'Pregled bodova', '2017-06-06 01:34:22', 'Ostale radnje', 25),
(501, NULL, 'Pregled bodova', '2017-06-06 01:36:09', 'Ostale radnje', 25),
(502, NULL, 'Odjava', '2017-06-06 01:36:42', 'Prijava i odjava', 25),
(503, NULL, 'Uspješna prijava', '2017-06-06 01:36:51', 'Prijava i odjava', 6),
(504, NULL, 'Pregled bodova', '2017-06-06 01:36:53', 'Ostale radnje', 6),
(505, NULL, 'Pregled bodova', '2017-06-06 01:38:26', 'Ostale radnje', 6),
(506, NULL, 'Pregled bodova', '2017-06-06 01:38:47', 'Ostale radnje', 6),
(507, NULL, 'Pregled bodova', '2017-06-06 01:39:27', 'Ostale radnje', 6),
(508, NULL, 'Pregled bodova', '2017-06-06 01:42:38', 'Ostale radnje', 6),
(509, NULL, 'Pregled bodova', '2017-06-06 01:44:28', 'Ostale radnje', 6),
(510, NULL, 'Pregled bodova', '2017-06-06 01:44:36', 'Ostale radnje', 6),
(511, NULL, 'Pregled bodova', '2017-06-06 01:45:39', 'Ostale radnje', 6),
(512, NULL, 'Uspješna prijava', '2017-06-06 10:21:47', 'Prijava i odjava', 6),
(513, NULL, 'Pregled bodova', '2017-06-06 10:22:10', 'Ostale radnje', 6),
(514, NULL, 'Pregled bodova', '2017-06-06 10:22:18', 'Ostale radnje', 6),
(515, NULL, 'Pregled bodova', '2017-06-06 10:23:18', 'Ostale radnje', 6),
(516, NULL, 'Pregled bodova', '2017-06-06 10:23:46', 'Ostale radnje', 6),
(517, NULL, 'Pregled bodova', '2017-06-06 10:25:22', 'Ostale radnje', 6),
(518, NULL, 'Pregled bodova', '2017-06-06 10:28:10', 'Ostale radnje', 6),
(519, NULL, 'Pregled bodova', '2017-06-06 10:29:04', 'Ostale radnje', 6),
(520, NULL, 'Pregled bodova', '2017-06-06 10:29:33', 'Ostale radnje', 6),
(521, NULL, 'Pregled bodova', '2017-06-06 10:32:25', 'Ostale radnje', 6),
(522, NULL, 'Pregled bodova', '2017-06-06 10:33:09', 'Ostale radnje', 6),
(523, NULL, 'Odjava', '2017-06-06 10:34:18', 'Prijava i odjava', 6),
(524, NULL, 'Uspješna prijava', '2017-06-06 10:34:26', 'Prijava i odjava', 25),
(525, NULL, 'Pregled bodova', '2017-06-06 10:34:30', 'Ostale radnje', 25),
(526, NULL, 'Pregled programa', '2017-06-06 10:35:01', 'Ostale radnje', 25),
(527, NULL, 'Pregled programa', '2017-06-06 10:35:05', 'Ostale radnje', 25),
(528, NULL, 'Odjava', '2017-06-06 10:51:55', 'Prijava i odjava', 25),
(529, NULL, 'Uspješna prijava', '2017-06-06 12:49:28', 'Prijava i odjava', 25),
(530, NULL, 'Uspješna prijava', '2017-06-06 13:40:07', 'Prijava i odjava', 25),
(531, NULL, 'Pregled programa', '2017-06-06 13:50:04', 'Ostale radnje', 25),
(532, NULL, 'Uspješna prijava', '2017-06-06 16:50:14', 'Prijava i odjava', 25),
(533, NULL, 'Odjava', '2017-06-06 16:56:17', 'Prijava i odjava', 25),
(534, NULL, 'Uspješna prijava', '2017-06-06 17:00:19', 'Prijava i odjava', 9),
(535, NULL, 'Odjava', '2017-06-06 17:00:26', 'Prijava i odjava', 9),
(536, NULL, 'Uspješna prijava', '2017-06-06 17:02:18', 'Prijava i odjava', 25),
(537, NULL, 'Promjena profila', '2017-06-06 17:14:13', 'Ostale radnje', 25),
(538, NULL, 'Promjena profila', '2017-06-06 17:14:47', 'Ostale radnje', 25),
(539, NULL, 'Promjena profila', '2017-06-06 17:17:14', 'Ostale radnje', 25),
(540, NULL, 'Promjena profila', '2017-06-06 17:17:30', 'Ostale radnje', 25),
(541, NULL, 'Promjena profila', '2017-06-06 17:17:33', 'Ostale radnje', 25),
(542, NULL, 'Promjena profila', '2017-06-06 17:18:01', 'Ostale radnje', 25),
(543, NULL, 'Promjena profila', '2017-06-06 17:18:11', 'Ostale radnje', 25),
(544, NULL, 'Uspješna prijava', '2017-06-06 19:16:40', 'Prijava i odjava', 25),
(545, NULL, 'Uspješna prijava', '2017-06-06 19:38:16', 'Prijava i odjava', 1),
(546, NULL, 'Uspješna prijava', '2017-06-07 19:38:50', 'Prijava i odjava', 1),
(547, NULL, 'Pregled programa', '2017-06-07 19:38:52', 'Ostale radnje', 1),
(548, NULL, 'Pregled programa', '2017-06-07 19:39:13', 'Ostale radnje', 1),
(549, NULL, 'Uspješna prijava', '2017-06-07 19:45:14', 'Prijava i odjava', 25),
(550, NULL, 'Pregled programa', '2017-06-06 19:46:30', 'Ostale radnje', 1),
(551, NULL, 'Pregled programa', '2017-06-06 19:46:32', 'Ostale radnje', 1),
(552, NULL, 'Pregled programa', '2017-06-06 19:46:34', 'Ostale radnje', 1),
(553, NULL, 'Pregled programa', '2017-06-06 19:46:35', 'Ostale radnje', 1),
(554, NULL, 'Pregled programa', '2017-06-06 19:46:36', 'Ostale radnje', 1),
(555, NULL, 'Pregled programa', '2017-06-06 19:46:39', 'Ostale radnje', 1),
(556, NULL, 'Odjava', '2017-06-06 19:47:07', 'Prijava i odjava', 1),
(557, NULL, 'Odjava', '2017-06-06 20:29:15', 'Prijava i odjava', 25),
(558, NULL, 'Uspješna prijava', '2017-06-06 20:30:56', 'Prijava i odjava', 25),
(559, NULL, 'Pregled programa', '2017-06-06 20:31:03', 'Ostale radnje', 25),
(560, NULL, 'Odjava', '2017-06-06 20:31:05', 'Prijava i odjava', 25),
(561, NULL, 'Uspješna prijava', '2017-06-06 20:31:12', 'Prijava i odjava', 1),
(562, NULL, 'Pregled programa', '2017-06-06 20:31:15', 'Ostale radnje', 1),
(563, NULL, 'Upis u program', '2017-06-06 20:31:24', 'Ostale radnje', 1),
(564, NULL, 'Pregled programa', '2017-06-06 20:31:25', 'Ostale radnje', 1),
(565, NULL, 'Odjava', '2017-06-06 21:01:03', 'Prijava i odjava', 1),
(566, NULL, 'Uspješna prijava', '2017-06-06 21:01:07', 'Prijava i odjava', 25),
(567, NULL, 'Pregled programa', '2017-06-06 21:01:16', 'Ostale radnje', 25),
(568, NULL, 'Pregled programa', '2017-06-06 21:01:19', 'Ostale radnje', 25),
(569, NULL, 'Promjena profila', '2017-06-06 21:01:28', 'Ostale radnje', 25),
(570, NULL, 'Promjena lozinke', '2017-06-06 21:01:53', 'Ostale radnje', 25),
(571, NULL, 'Odjava', '2017-06-06 21:01:57', 'Prijava i odjava', 25),
(572, NULL, 'Neuspješna prijava', '2017-06-06 21:02:00', 'Prijava i odjava', 25),
(573, NULL, 'Uspješna prijava', '2017-06-06 21:02:07', 'Prijava i odjava', 25),
(574, NULL, 'Uspješna prijava', '2017-06-07 13:31:45', 'Prijava i odjava', 2),
(575, NULL, 'Pregled programa', '2017-06-07 13:47:55', 'Ostale radnje', 2),
(576, NULL, 'Odjava', '2017-06-07 13:48:05', 'Prijava i odjava', 2),
(577, NULL, 'Uspješna prijava', '2017-06-07 13:48:12', 'Prijava i odjava', 1),
(578, NULL, 'Pregled programa', '2017-06-07 13:48:25', 'Ostale radnje', 1),
(579, NULL, 'Pregled programa', '2017-06-07 13:48:32', 'Ostale radnje', 1),
(580, NULL, 'Uspješna prijava', '2017-06-07 14:48:39', 'Prijava i odjava', 2),
(581, NULL, 'Pregled programa', '2017-06-07 14:48:43', 'Ostale radnje', 2),
(582, NULL, 'Pregled programa', '2017-06-07 15:11:29', 'Ostale radnje', 2),
(583, NULL, 'Odjava', '2017-06-07 15:21:45', 'Prijava i odjava', 2),
(584, NULL, 'Uspješna prijava', '2017-06-07 15:21:53', 'Prijava i odjava', 1),
(585, NULL, 'Neuspješna prijava', '2017-06-07 16:38:25', 'Prijava i odjava', 2),
(586, NULL, 'Uspješna prijava', '2017-06-07 16:38:32', 'Prijava i odjava', 2),
(587, NULL, 'Pregled programa', '2017-06-07 17:38:46', 'Ostale radnje', 2),
(588, NULL, 'Pregled programa', '2017-06-07 17:38:54', 'Ostale radnje', 2),
(589, 'INSERT INTO program VALUES (NULL, "Nekakvi program", "Opis nekakvog programa.", 7, 2017, 0, 15, "DA", 2, 2);', NULL, '2017-06-07 17:39:13', 'Rad s bazom', 2),
(590, NULL, 'Pregled programa', '2017-06-07 17:39:15', 'Ostale radnje', 2),
(591, NULL, 'Odjava', '2017-06-07 17:41:03', 'Prijava i odjava', 2),
(592, NULL, 'Neuspješna prijava', '2017-06-07 17:41:09', 'Prijava i odjava', 25),
(593, NULL, 'Uspješna prijava', '2017-06-07 17:41:32', 'Prijava i odjava', 25),
(594, NULL, 'Pregled programa', '2017-06-07 17:41:34', 'Ostale radnje', 25),
(595, NULL, 'Upis u program', '2017-06-07 17:41:39', 'Ostale radnje', 25),
(596, NULL, 'Pregled programa', '2017-06-07 17:41:41', 'Ostale radnje', 25),
(597, NULL, 'Pregled programa', '2017-06-07 17:41:50', 'Ostale radnje', 25),
(598, NULL, 'Odjava', '2017-06-07 17:42:03', 'Prijava i odjava', 25),
(599, NULL, 'Uspješna prijava', '2017-06-07 17:42:18', 'Prijava i odjava', 2),
(600, NULL, 'Pregled programa', '2017-06-07 17:42:20', 'Ostale radnje', 2),
(601, NULL, 'Pregled programa', '2017-06-07 17:42:25', 'Ostale radnje', 2),
(602, NULL, 'Pregled programa', '2017-06-07 17:42:58', 'Ostale radnje', 2),
(603, NULL, 'Pregled programa', '2017-06-07 17:44:50', 'Ostale radnje', 2),
(604, NULL, 'Pregled programa', '2017-06-07 17:45:00', 'Ostale radnje', 2),
(605, NULL, 'Pregled programa', '2017-06-07 17:45:18', 'Ostale radnje', 2),
(606, NULL, 'Pregled programa', '2017-06-07 17:45:42', 'Ostale radnje', 2),
(607, NULL, 'Pregled programa', '2017-06-07 17:46:25', 'Ostale radnje', 2),
(608, NULL, 'Pregled programa', '2017-06-07 17:46:35', 'Ostale radnje', 2),
(609, NULL, 'Pregled programa', '2017-06-07 17:47:54', 'Ostale radnje', 2),
(610, NULL, 'Pregled programa', '2017-06-07 17:48:52', 'Ostale radnje', 2),
(611, 'INSERT INTO program VALUES (NULL, "Neki program", "Nekakvi novi program.", 7, 2017, 0, 15, "DA", 2, 2);', NULL, '2017-06-07 17:49:04', 'Rad s bazom', 2),
(612, NULL, 'Pregled programa', '2017-06-07 17:49:07', 'Ostale radnje', 2),
(613, NULL, 'Ukidanje programa', '2017-06-07 17:49:16', 'Ostale radnje', 2),
(614, NULL, 'Pregled programa', '2017-06-07 17:49:17', 'Ostale radnje', 2),
(615, NULL, 'Odjava', '2017-06-07 17:59:08', 'Prijava i odjava', 2),
(616, NULL, 'Uspješna prijava', '2017-06-07 17:59:18', 'Prijava i odjava', 25),
(617, NULL, 'Pregled programa', '2017-06-07 17:59:23', 'Ostale radnje', 25),
(618, NULL, 'Odjava', '2017-06-07 17:59:38', 'Prijava i odjava', 25),
(619, NULL, 'Uspješna prijava', '2017-06-07 17:59:46', 'Prijava i odjava', 2),
(620, NULL, 'Pregled programa', '2017-06-07 17:59:49', 'Ostale radnje', 2),
(621, 'INSERT INTO program VALUES (NULL, "Novi program", "Testni program.", 8, 2017, 0, 10, "DA", 1, 1);', NULL, '2017-06-07 18:00:09', 'Rad s bazom', 2),
(622, NULL, 'Pregled programa', '2017-06-07 18:00:12', 'Ostale radnje', 2),
(623, NULL, 'Odjava', '2017-06-07 18:00:33', 'Prijava i odjava', 2),
(624, NULL, 'Uspješna prijava', '2017-06-07 18:00:44', 'Prijava i odjava', 25),
(625, NULL, 'Promjena lozinke', '2017-06-07 18:01:01', 'Ostale radnje', 25),
(626, NULL, 'Odjava', '2017-06-07 18:01:06', 'Prijava i odjava', 25),
(627, NULL, 'Uspješna prijava', '2017-06-07 18:01:10', 'Prijava i odjava', 25),
(628, NULL, 'Pregled programa', '2017-06-07 18:01:13', 'Ostale radnje', 25),
(629, NULL, 'Pregled programa', '2017-06-07 18:07:26', 'Ostale radnje', 25),
(630, NULL, 'Pregled programa', '2017-06-07 18:07:31', 'Ostale radnje', 25),
(631, NULL, 'Pregled bodova', '2017-06-07 18:07:37', 'Ostale radnje', 25),
(632, NULL, 'Pregled programa', '2017-06-07 18:07:41', 'Ostale radnje', 25),
(633, NULL, 'Pregled programa', '2017-06-07 18:07:43', 'Ostale radnje', 25),
(634, NULL, 'Odjava', '2017-06-07 18:07:47', 'Prijava i odjava', 25),
(635, NULL, 'Uspješna prijava', '2017-06-07 18:07:57', 'Prijava i odjava', 2),
(636, NULL, 'Deaktiviranje kupona', '2017-06-07 18:24:53', 'Ostale radnje', 2),
(637, NULL, 'Deaktiviranje kupona', '2017-06-07 18:25:10', 'Ostale radnje', 2),
(638, NULL, 'Deaktiviranje kupona', '2017-06-07 18:26:24', 'Ostale radnje', 2),
(639, NULL, 'Deaktiviranje kupona', '2017-06-07 18:26:30', 'Ostale radnje', 2),
(640, NULL, 'Deaktiviranje kupona', '2017-06-07 18:28:16', 'Ostale radnje', 2),
(641, NULL, 'Deaktiviranje kupona', '2017-06-07 18:29:16', 'Ostale radnje', 2),
(642, NULL, 'Deaktiviranje kupona', '2017-06-07 18:30:12', 'Ostale radnje', 2),
(643, NULL, 'Deaktiviranje kupona', '2017-06-07 18:31:47', 'Ostale radnje', 2),
(644, NULL, 'Deaktiviranje kupona', '2017-06-07 18:34:42', 'Ostale radnje', 2),
(645, NULL, 'Deaktiviranje kupona', '2017-06-07 18:35:51', 'Ostale radnje', 2),
(646, NULL, 'Deaktiviranje kupona', '2017-06-07 18:39:26', 'Ostale radnje', 2),
(647, NULL, 'Deaktiviranje kupona', '2017-06-07 18:40:08', 'Ostale radnje', 2),
(648, NULL, 'Deaktiviranje kupona', '2017-06-07 18:41:18', 'Ostale radnje', 2),
(649, NULL, 'Deaktiviranje kupona', '2017-06-07 18:42:28', 'Ostale radnje', 2),
(650, NULL, 'Deaktiviranje kupona', '2017-06-07 18:43:18', 'Ostale radnje', 2),
(651, NULL, 'Deaktiviranje kupona', '2017-06-07 18:50:09', 'Ostale radnje', 2),
(652, NULL, 'Deaktiviranje kupona', '2017-06-07 18:50:47', 'Ostale radnje', 2),
(653, NULL, 'Deaktiviranje kupona', '2017-06-07 18:51:08', 'Ostale radnje', 2),
(654, NULL, 'Deaktiviranje kupona', '2017-06-07 18:52:14', 'Ostale radnje', 2),
(655, NULL, 'Deaktiviranje kupona', '2017-06-07 18:52:23', 'Ostale radnje', 2),
(656, NULL, 'Deaktiviranje kupona', '2017-06-07 18:52:49', 'Ostale radnje', 2),
(657, NULL, 'Pregled programa', '2017-06-07 18:55:08', 'Ostale radnje', 2),
(658, NULL, 'Pregled programa', '2017-06-07 18:59:03', 'Ostale radnje', 2),
(659, NULL, 'Odjava', '2017-06-07 19:11:51', 'Prijava i odjava', 2),
(660, NULL, 'Uspješna prijava', '2017-06-07 21:44:19', 'Prijava i odjava', 2),
(661, NULL, 'Promjena profila', '2017-06-07 23:24:11', 'Ostale radnje', 2),
(662, NULL, 'Pregled programa', '2017-06-07 23:24:52', 'Ostale radnje', 2),
(663, NULL, 'Odjava', '2017-06-07 23:30:57', 'Prijava i odjava', 2),
(664, NULL, 'Uspješna prijava', '2017-06-08 00:10:01', 'Prijava i odjava', 1),
(665, NULL, 'Pregled programa', '2017-06-08 00:10:06', 'Ostale radnje', 1),
(666, NULL, 'Pregled programa', '2017-06-08 00:10:14', 'Ostale radnje', 1),
(667, NULL, 'Pregled programa', '2017-06-08 00:13:14', 'Ostale radnje', 1),
(668, NULL, 'Odjava', '2017-06-08 00:13:51', 'Prijava i odjava', 1),
(669, NULL, 'Uspješna prijava', '2017-06-08 14:50:59', 'Prijava i odjava', 2),
(670, NULL, 'Pregled programa', '2017-06-08 14:51:00', 'Ostale radnje', 2),
(671, NULL, 'Definiranje kupona', '2017-06-08 16:13:35', 'Ostale radnje', 2),
(672, NULL, 'Definiranje kupona', '2017-06-08 16:14:22', 'Ostale radnje', 2),
(673, NULL, 'Uspješna prijava', '2017-06-08 16:40:55', 'Prijava i odjava', 2),
(674, NULL, 'Definiranje kupona', '2017-06-08 16:44:09', 'Ostale radnje', 2),
(675, NULL, 'Definiranje kupona', '2017-06-08 16:45:40', 'Ostale radnje', 2),
(676, NULL, 'Definiranje kupona', '2017-06-08 16:46:08', 'Ostale radnje', 2),
(677, NULL, 'Definiranje kupona', '2017-06-08 16:47:19', 'Ostale radnje', 2),
(678, NULL, 'Definiranje kupona', '2017-06-08 16:48:07', 'Ostale radnje', 2),
(679, NULL, 'Definiranje kupona', '2017-06-08 16:49:09', 'Ostale radnje', 2),
(680, NULL, 'Definiranje kupona', '2017-06-08 16:51:32', 'Ostale radnje', 2),
(681, NULL, 'Deaktiviranje kupona', '2017-06-08 16:53:30', 'Ostale radnje', 2),
(682, NULL, 'Definiranje kupona', '2017-06-08 16:54:03', 'Ostale radnje', 2),
(683, NULL, 'Definiranje kupona', '2017-06-08 16:54:12', 'Ostale radnje', 2),
(684, NULL, 'Definiranje kupona', '2017-06-08 16:54:27', 'Ostale radnje', 2),
(685, NULL, 'Definiranje kupona', '2017-06-08 16:57:04', 'Ostale radnje', 2),
(686, NULL, 'Definiranje kupona', '2017-06-08 17:01:12', 'Ostale radnje', 2),
(687, NULL, 'Deaktiviranje kupona', '2017-06-08 17:02:51', 'Ostale radnje', 2),
(688, NULL, 'Definiranje kupona', '2017-06-08 17:04:42', 'Ostale radnje', 2),
(689, NULL, 'Odjava', '2017-06-08 17:13:18', 'Prijava i odjava', 2),
(690, NULL, 'Uspješna prijava', '2017-06-08 20:34:33', 'Prijava i odjava', 2),
(691, NULL, 'Pregled programa', '2017-06-08 20:48:55', 'Ostale radnje', 2),
(692, NULL, 'Pregled programa', '2017-06-08 20:49:22', 'Ostale radnje', 2),
(693, NULL, 'Odjava', '2017-06-08 21:57:44', 'Prijava i odjava', 2),
(694, NULL, 'Uspješna prijava', '2017-06-08 21:57:51', 'Prijava i odjava', 1),
(695, NULL, 'Uspješna prijava', '2017-06-09 14:21:36', 'Prijava i odjava', 2),
(696, NULL, 'Pregled programa', '2017-06-09 14:21:40', 'Ostale radnje', 2),
(697, NULL, 'Odjava', '2017-06-09 14:29:37', 'Prijava i odjava', 2),
(698, NULL, 'Uspješna prijava', '2017-06-09 14:30:35', 'Prijava i odjava', 9),
(699, NULL, 'Odjava', '2017-06-09 14:31:44', 'Prijava i odjava', 9),
(700, NULL, 'Uspješna prijava', '2017-06-09 14:31:52', 'Prijava i odjava', 2),
(701, NULL, 'Pregled programa', '2017-06-09 17:37:58', 'Ostale radnje', 2),
(702, NULL, 'Ispisivanje polaznika', '2017-06-09 18:10:22', 'Ostale radnje', 2),
(703, NULL, 'Ispisivanje polaznika', '2017-06-09 18:11:30', 'Ostale radnje', 2),
(704, NULL, 'Zabrana korisniku', '2017-06-09 18:26:25', 'Ostale radnje', 2),
(705, NULL, 'Zabrana korisniku', '2017-06-09 18:27:58', 'Ostale radnje', 2),
(706, NULL, 'Pregled programa', '2017-06-09 18:35:06', 'Ostale radnje', 2),
(707, NULL, 'Odjava', '2017-06-09 18:35:11', 'Prijava i odjava', 2),
(708, NULL, 'Uspješna prijava', '2017-06-09 18:35:15', 'Prijava i odjava', 25),
(709, NULL, 'Pregled programa', '2017-06-09 18:35:17', 'Ostale radnje', 25),
(710, NULL, 'Upis u program', '2017-06-09 18:35:22', 'Ostale radnje', 25),
(711, NULL, 'Pregled programa', '2017-06-09 18:35:23', 'Ostale radnje', 25),
(712, NULL, 'Odjava', '2017-06-09 18:35:30', 'Prijava i odjava', 25),
(713, NULL, 'Uspješna prijava', '2017-06-09 18:35:37', 'Prijava i odjava', 2),
(714, NULL, 'Ispisivanje polaznika', '2017-06-09 18:35:44', 'Ostale radnje', 2),
(715, NULL, 'Ispisivanje polaznika', '2017-06-09 18:36:43', 'Ostale radnje', 2),
(716, NULL, 'Zabrana korisniku', '2017-06-09 18:37:24', 'Ostale radnje', 2),
(717, NULL, 'Zabrana korisniku', '2017-06-09 18:37:32', 'Ostale radnje', 2),
(718, NULL, 'Zabrana korisniku', '2017-06-09 18:37:34', 'Ostale radnje', 2),
(719, NULL, 'Zabrana korisniku', '2017-06-09 18:37:36', 'Ostale radnje', 2),
(720, NULL, 'Zabrana korisniku', '2017-06-09 18:50:42', 'Ostale radnje', 2),
(721, NULL, 'Zabrana korisniku', '2017-06-09 18:53:44', 'Ostale radnje', 2),
(722, NULL, 'Zabrana korisniku', '2017-06-09 18:54:11', 'Ostale radnje', 2),
(723, NULL, 'Zabrana korisniku', '2017-06-09 18:54:32', 'Ostale radnje', 2),
(724, NULL, 'Zabrana korisniku', '2017-06-09 18:54:42', 'Ostale radnje', 2),
(725, NULL, 'Zabrana korisniku', '2017-06-09 18:56:08', 'Ostale radnje', 2),
(726, NULL, 'Zabrana korisniku', '2017-06-09 18:56:30', 'Ostale radnje', 2),
(727, NULL, 'Zabrana korisniku', '2017-06-09 18:57:10', 'Ostale radnje', 2),
(728, NULL, 'Zabrana korisniku', '2017-06-09 18:57:25', 'Ostale radnje', 2),
(729, NULL, 'Zabrana korisniku', '2017-06-09 18:58:33', 'Ostale radnje', 2),
(730, NULL, 'Zabrana korisniku', '2017-06-09 18:58:48', 'Ostale radnje', 2),
(731, NULL, 'Zabrana korisniku', '2017-06-09 18:58:52', 'Ostale radnje', 2),
(732, NULL, 'Zabrana korisniku', '2017-06-09 18:59:05', 'Ostale radnje', 2),
(733, NULL, 'Zabrana korisniku', '2017-06-09 18:59:15', 'Ostale radnje', 2),
(734, NULL, 'Zabrana korisniku', '2017-06-09 18:59:32', 'Ostale radnje', 2),
(735, NULL, 'Zabrana korisniku', '2017-06-09 18:59:35', 'Ostale radnje', 2),
(736, NULL, 'Zabrana korisniku', '2017-06-09 19:01:39', 'Ostale radnje', 2),
(737, NULL, 'Deaktiviranje kupona', '2017-06-09 19:02:35', 'Ostale radnje', 2),
(738, NULL, 'Ispisivanje polaznika', '2017-06-09 19:04:22', 'Ostale radnje', 2),
(739, NULL, 'Zabrana korisniku', '2017-06-09 19:04:26', 'Ostale radnje', 2),
(740, NULL, 'Pregled programa', '2017-06-09 19:04:55', 'Ostale radnje', 2),
(741, NULL, 'Pregled programa', '2017-06-09 19:04:58', 'Ostale radnje', 2),
(742, NULL, 'Pregled programa', '2017-06-09 19:05:00', 'Ostale radnje', 2),
(743, NULL, 'Promjena profila', '2017-06-09 19:05:19', 'Ostale radnje', 2),
(744, NULL, 'Zabrana korisniku', '2017-06-09 19:33:11', 'Ostale radnje', 2),
(745, NULL, 'Zabrana korisniku', '2017-06-09 19:33:19', 'Ostale radnje', 2),
(746, NULL, 'Zabrana korisniku', '2017-06-09 19:37:01', 'Ostale radnje', 2),
(747, NULL, 'Zabrana korisniku', '2017-06-09 19:39:05', 'Ostale radnje', 2),
(748, NULL, 'Zabrana korisniku', '2017-06-09 19:40:34', 'Ostale radnje', 2),
(749, NULL, 'Zabrana korisniku', '2017-06-09 19:40:35', 'Ostale radnje', 2),
(750, NULL, 'Zabrana korisniku', '2017-06-09 19:40:37', 'Ostale radnje', 2),
(751, NULL, 'Zabrana korisniku', '2017-06-09 19:40:38', 'Ostale radnje', 2),
(752, NULL, 'Zabrana korisniku', '2017-06-09 19:40:39', 'Ostale radnje', 2),
(753, NULL, 'Zabrana korisniku', '2017-06-09 19:40:45', 'Ostale radnje', 2),
(754, NULL, 'Zabrana korisniku', '2017-06-09 19:44:53', 'Ostale radnje', 2),
(755, NULL, 'Zabrana korisniku', '2017-06-09 19:44:56', 'Ostale radnje', 2),
(756, NULL, 'Zabrana korisniku', '2017-06-09 19:44:58', 'Ostale radnje', 2),
(757, NULL, 'Zabrana korisniku', '2017-06-09 19:45:01', 'Ostale radnje', 2),
(758, NULL, 'Zabrana korisniku', '2017-06-09 19:45:02', 'Ostale radnje', 2),
(759, NULL, 'Zabrana korisniku', '2017-06-09 19:46:48', 'Ostale radnje', 2),
(760, NULL, 'Uspješna prijava', '2017-06-10 11:21:03', 'Prijava i odjava', 25),
(761, NULL, 'Pregled bodova', '2017-06-10 11:32:51', 'Ostale radnje', 25),
(762, NULL, 'Pregled programa', '2017-06-10 11:33:04', 'Ostale radnje', 25),
(763, NULL, 'Pregled programa', '2017-06-10 11:40:32', 'Ostale radnje', 25),
(764, NULL, 'Pregled programa', '2017-06-10 11:41:05', 'Ostale radnje', 25),
(765, NULL, 'Pregled bodova', '2017-06-10 11:41:15', 'Ostale radnje', 25),
(766, NULL, 'Uspješna prijava', '2017-06-10 12:26:00', 'Prijava i odjava', 25),
(767, NULL, 'Odjava', '2017-06-10 12:27:45', 'Prijava i odjava', 25),
(768, NULL, 'Uspješna prijava', '2017-06-10 12:29:26', 'Prijava i odjava', 9),
(769, NULL, 'Pregled programa', '2017-06-10 12:29:38', 'Ostale radnje', 9),
(770, NULL, 'Pregled programa', '2017-06-10 12:29:47', 'Ostale radnje', 9),
(771, NULL, 'Pregled programa', '2017-06-10 12:29:58', 'Ostale radnje', 9),
(772, NULL, 'Pregled programa', '2017-06-10 12:30:00', 'Ostale radnje', 9),
(773, NULL, 'Pregled programa', '2017-06-10 12:31:55', 'Ostale radnje', 9),
(774, NULL, 'Pregled programa', '2017-06-10 12:32:51', 'Ostale radnje', 9),
(775, NULL, 'Pregled programa', '2017-06-10 12:33:16', 'Ostale radnje', 9),
(776, NULL, 'Pregled programa', '2017-06-10 12:37:39', 'Ostale radnje', 9),
(777, NULL, 'Pregled programa', '2017-06-10 12:40:30', 'Ostale radnje', 9),
(778, NULL, 'Pregled programa', '2017-06-10 12:40:37', 'Ostale radnje', 9),
(779, NULL, 'Pregled programa', '2017-06-10 12:40:50', 'Ostale radnje', 9),
(780, NULL, 'Pregled programa', '2017-06-10 12:41:03', 'Ostale radnje', 9),
(781, NULL, 'Pregled programa', '2017-06-10 12:41:47', 'Ostale radnje', 9),
(782, NULL, 'Pregled programa', '2017-06-10 12:41:52', 'Ostale radnje', 9),
(783, NULL, 'Pregled programa', '2017-06-10 12:42:11', 'Ostale radnje', 9),
(784, NULL, 'Pregled programa', '2017-06-10 12:43:39', 'Ostale radnje', 9),
(785, NULL, 'Pregled programa', '2017-06-10 12:48:34', 'Ostale radnje', 9),
(786, NULL, 'Pregled programa', '2017-06-10 12:49:24', 'Ostale radnje', 9),
(787, NULL, 'Pregled programa', '2017-06-10 12:53:48', 'Ostale radnje', 9),
(788, NULL, 'Pregled programa', '2017-06-10 12:54:58', 'Ostale radnje', 9),
(789, NULL, 'Pregled programa', '2017-06-10 13:35:22', 'Ostale radnje', 9),
(790, NULL, 'Odjava', '2017-06-10 13:35:26', 'Prijava i odjava', 9),
(791, NULL, 'Uspješna prijava', '2017-06-10 13:35:38', 'Prijava i odjava', 2),
(792, NULL, 'Pregled programa', '2017-06-10 13:35:42', 'Ostale radnje', 2),
(793, NULL, 'Pregled programa', '2017-06-10 13:52:08', 'Ostale radnje', 2),
(794, NULL, 'Pregled programa', '2017-06-10 13:52:34', 'Ostale radnje', 2),
(795, NULL, 'Pregled programa', '2017-06-10 13:53:22', 'Ostale radnje', 2),
(796, NULL, 'Odjava', '2017-06-10 14:08:38', 'Prijava i odjava', 2),
(797, NULL, 'Uspješna prijava', '2017-06-10 14:08:44', 'Prijava i odjava', 25),
(798, NULL, 'Pregled programa', '2017-06-10 14:08:47', 'Ostale radnje', 25),
(799, NULL, 'Pregled programa', '2017-06-10 14:14:50', 'Ostale radnje', 25),
(800, NULL, 'Odjava', '2017-06-10 14:14:55', 'Prijava i odjava', 25),
(801, NULL, 'Uspješna prijava', '2017-06-10 14:15:06', 'Prijava i odjava', 2),
(802, NULL, 'Pregled programa', '2017-06-10 14:46:09', 'Ostale radnje', 2),
(803, 'INSERT INTO program VALUES (NULL, "Test za termine", "Doslovno to.", 10, 2017, 0, 10, "DA", 2, 2);', NULL, '2017-06-10 14:46:28', 'Rad s bazom', 2),
(804, 'INSERT INTO program VALUES (NULL, "Test za termine", "Doslovno to.", 10, 2017, 0, 10, "DA", 2, 2);', NULL, '2017-06-10 14:46:35', 'Rad s bazom', 2),
(805, 'INSERT INTO program VALUES (NULL, "Test za termijne", "Doslovno to.", 10, 2017, 0, 15, "DA", 2, 2);', NULL, '2017-06-10 14:48:19', 'Rad s bazom', 2),
(806, 'INSERT INTO program VALUES (NULL, "Test za", "Doslovno.", 11, 2017, 0, 15, "DA", 2, 2);', NULL, '2017-06-10 14:50:18', 'Rad s bazom', 2),
(807, 'INSERT INTO program VALUES (NULL, "Test za", "Doslovno to.", 7, 2017, 0, 15, "DA", 2, 2);', NULL, '2017-06-10 14:51:40', 'Rad s bazom', 2),
(808, 'INSERT INTO program VALUES (NULL, "Test za termine", "Doslovno to.", 7, 2017, 0, 15, "DA", 2, 2);', NULL, '2017-06-10 14:54:16', 'Rad s bazom', 2),
(809, NULL, 'Pregled programa', '2017-06-10 14:54:20', 'Ostale radnje', 2),
(810, 'INSERT INTO program VALUES (NULL, "Test za termine", "Doslovno to.", 7, 2017, 0, 15, "DA", 2, 2);', NULL, '2017-06-10 14:55:42', 'Rad s bazom', 2),
(811, NULL, 'Pregled programa', '2017-06-10 16:16:28', 'Ostale radnje', 2),
(812, NULL, 'Pregled programa', '2017-06-10 16:18:37', 'Ostale radnje', 2),
(813, NULL, 'Pregled programa', '2017-06-10 16:44:22', 'Ostale radnje', 2),
(814, NULL, 'Pregled programa', '2017-06-10 16:45:50', 'Ostale radnje', 2),
(815, NULL, 'Pregled programa', '2017-06-10 17:09:18', 'Ostale radnje', 2);
INSERT INTO `dnevnik` (`id_dnevnik`, `upit`, `radnja`, `vrijeme`, `tip_radnje`, `id_korisnik`) VALUES
(816, 'INSERT INTO program VALUES (NULL, "JNeki testni", "Blalasldladl.", 7, 2017, 0, 15, "DA", 2, 2);', NULL, '2017-06-10 17:10:53', 'Rad s bazom', 2),
(817, NULL, 'Uspješna prijava', '2017-06-10 18:48:56', 'Prijava i odjava', 2),
(818, NULL, 'Pregled programa', '2017-06-10 18:54:14', 'Ostale radnje', 2),
(819, NULL, 'Pregled programa', '2017-06-10 18:56:15', 'Ostale radnje', 2),
(820, NULL, 'Pregled programa', '2017-06-10 18:56:20', 'Ostale radnje', 2),
(821, NULL, 'Pregled programa', '2017-06-10 18:57:48', 'Ostale radnje', 2),
(822, NULL, 'Odjava', '2017-06-10 18:59:03', 'Prijava i odjava', 2),
(823, NULL, 'Uspješna prijava', '2017-06-10 18:59:08', 'Prijava i odjava', 25),
(824, NULL, 'Pregled programa', '2017-06-10 18:59:13', 'Ostale radnje', 25),
(825, NULL, 'Pregled programa', '2017-06-10 19:00:03', 'Ostale radnje', 25),
(826, NULL, 'Upis u program', '2017-06-10 19:00:32', 'Ostale radnje', 25),
(827, NULL, 'Pregled programa', '2017-06-10 19:00:33', 'Ostale radnje', 25),
(828, NULL, 'Pregled bodova', '2017-06-10 19:01:25', 'Ostale radnje', 25),
(829, NULL, 'Pregled programa', '2017-06-10 19:01:50', 'Ostale radnje', 25),
(830, NULL, 'Odjava', '2017-06-10 19:01:57', 'Prijava i odjava', 25),
(831, NULL, 'Uspješna prijava', '2017-06-10 19:02:05', 'Prijava i odjava', 2),
(832, NULL, 'Pregled programa', '2017-06-10 19:02:26', 'Ostale radnje', 2),
(833, NULL, 'Pregled programa', '2017-06-10 19:02:56', 'Ostale radnje', 2),
(834, NULL, 'Pregled programa', '2017-06-10 19:04:44', 'Ostale radnje', 2),
(835, NULL, 'Pregled programa', '2017-06-10 19:10:32', 'Ostale radnje', 2),
(836, NULL, 'Pregled programa', '2017-06-10 19:54:37', 'Ostale radnje', 2),
(837, NULL, 'Pregled programa', '2017-06-10 19:54:48', 'Ostale radnje', 2),
(838, NULL, 'Zabrana korisniku', '2017-06-10 19:55:34', 'Ostale radnje', 2),
(839, NULL, 'Pregled programa', '2017-06-10 20:49:45', 'Ostale radnje', 2),
(840, 'INSERT INTO program VALUES (NULL, "Program Srpanj", "Neki opis.", 7, 2017, 0, 15, "DA", 2, 2);', NULL, '2017-06-10 20:50:19', 'Rad s bazom', 2),
(841, NULL, 'Pregled programa', '2017-06-10 20:50:39', 'Ostale radnje', 2),
(842, 'INSERT INTO program VALUES (NULL, "Test Kolovoz", "Blablalbla.", 8, 2017, 0, 15, "DA", 2, 2);', NULL, '2017-06-10 20:51:01', 'Rad s bazom', 2),
(843, NULL, 'Pregled programa', '2017-06-10 20:51:17', 'Ostale radnje', 2),
(844, 'INSERT INTO program VALUES (NULL, "Test Siječanj 2018", "Test opis.", 1, 2018, 0, 15, "DA", 2, 2);', NULL, '2017-06-10 20:51:44', 'Rad s bazom', 2),
(845, NULL, 'Uspješna prijava', '2017-06-11 15:35:53', 'Prijava i odjava', 2),
(846, NULL, 'Odjava', '2017-06-11 16:34:38', 'Prijava i odjava', 2),
(847, NULL, 'Uspješna prijava', '2017-06-11 16:34:43', 'Prijava i odjava', 25),
(848, NULL, 'Odjava', '2017-06-11 16:36:30', 'Prijava i odjava', 25),
(849, NULL, 'Uspješna prijava', '2017-06-11 16:37:42', 'Prijava i odjava', 24),
(850, NULL, 'Pregled programa', '2017-06-11 16:37:44', 'Ostale radnje', 24),
(851, NULL, 'Upis u program', '2017-06-11 16:37:55', 'Ostale radnje', 24),
(852, NULL, 'Pregled programa', '2017-06-11 16:37:55', 'Ostale radnje', 24),
(853, NULL, 'Odjava', '2017-06-11 16:38:00', 'Prijava i odjava', 24),
(854, NULL, 'Uspješna prijava', '2017-06-11 16:38:07', 'Prijava i odjava', 25),
(855, NULL, 'Pregled programa', '2017-06-11 16:38:08', 'Ostale radnje', 25),
(856, NULL, 'Pregled programa', '2017-06-11 16:38:15', 'Ostale radnje', 25),
(857, NULL, 'Odjava', '2017-06-11 16:38:41', 'Prijava i odjava', 25),
(858, NULL, 'Uspješna prijava', '2017-06-11 16:38:49', 'Prijava i odjava', 27),
(859, NULL, 'Pregled programa', '2017-06-11 16:38:51', 'Ostale radnje', 27),
(860, NULL, 'Upis u program', '2017-06-11 16:38:56', 'Ostale radnje', 27),
(861, NULL, 'Pregled programa', '2017-06-11 16:38:57', 'Ostale radnje', 27),
(862, NULL, 'Odjava', '2017-06-11 16:39:00', 'Prijava i odjava', 27),
(863, NULL, 'Uspješna prijava', '2017-06-11 16:39:07', 'Prijava i odjava', 28),
(864, NULL, 'Pregled programa', '2017-06-11 16:39:10', 'Ostale radnje', 28),
(865, NULL, 'Upis u program', '2017-06-11 16:39:15', 'Ostale radnje', 28),
(866, NULL, 'Pregled programa', '2017-06-11 16:39:16', 'Ostale radnje', 28),
(867, NULL, 'Odjava', '2017-06-11 16:40:31', 'Prijava i odjava', 28),
(868, NULL, 'Uspješna prijava', '2017-06-11 16:40:48', 'Prijava i odjava', 2),
(869, NULL, 'Pregled programa', '2017-06-11 16:40:49', 'Ostale radnje', 2),
(870, NULL, 'Odjava', '2017-06-11 16:56:09', 'Prijava i odjava', 2),
(871, NULL, 'Neuspješna prijava', '2017-06-11 16:56:16', 'Prijava i odjava', 2),
(872, NULL, 'Uspješna prijava', '2017-06-11 16:56:22', 'Prijava i odjava', 2),
(873, NULL, 'Uspješna prijava', '2017-06-11 17:04:04', 'Prijava i odjava', 2),
(874, NULL, 'Odjava', '2017-06-11 17:04:07', 'Prijava i odjava', 2),
(875, NULL, 'Uspješna prijava', '2017-06-11 17:04:20', 'Prijava i odjava', 25),
(876, NULL, 'Odjava', '2017-06-11 17:04:34', 'Prijava i odjava', 25),
(877, NULL, 'Uspješna prijava', '2017-06-11 17:04:42', 'Prijava i odjava', 2),
(878, NULL, 'Odjava', '2017-06-11 17:05:04', 'Prijava i odjava', 2),
(879, NULL, 'Uspješna prijava', '2017-06-12 12:57:59', 'Prijava i odjava', 2),
(880, NULL, 'Definiranje kupona', '2017-06-12 13:07:19', 'Ostale radnje', 2),
(881, NULL, 'Definiranje kupona', '2017-06-12 13:07:53', 'Ostale radnje', 2),
(882, NULL, 'Definiranje kupona', '2017-06-12 13:28:32', 'Ostale radnje', 2),
(883, NULL, 'Odjava', '2017-06-12 13:41:27', 'Prijava i odjava', 2),
(884, NULL, 'Uspješna prijava', '2017-06-12 13:41:32', 'Prijava i odjava', 25),
(885, NULL, 'Pregled kupona', '2017-06-12 13:43:53', 'Ostale radnje', 25),
(886, NULL, 'Pregled bodova', '2017-06-12 13:59:17', 'Ostale radnje', 25),
(887, NULL, 'Pregled bodova', '2017-06-12 14:16:30', 'Ostale radnje', 25),
(888, NULL, 'Pregled kupona', '2017-06-12 14:16:43', 'Ostale radnje', 25),
(889, NULL, 'Pregled kupona', '2017-06-12 14:17:29', 'Ostale radnje', 25),
(890, NULL, 'Pregled kupona', '2017-06-12 14:17:57', 'Ostale radnje', 25),
(891, NULL, 'Pregled kupona', '2017-06-12 14:18:33', 'Ostale radnje', 25),
(892, NULL, 'Pregled kupona', '2017-06-12 14:20:08', 'Ostale radnje', 25),
(893, NULL, 'Pregled kupona', '2017-06-12 14:20:52', 'Ostale radnje', 25),
(894, NULL, 'Pregled kupona', '2017-06-12 14:21:30', 'Ostale radnje', 25),
(895, NULL, 'Pregled kupona', '2017-06-12 14:21:38', 'Ostale radnje', 25),
(896, NULL, 'Pregled kupona', '2017-06-12 14:21:48', 'Ostale radnje', 25),
(897, NULL, 'Pregled kupona', '2017-06-12 14:22:31', 'Ostale radnje', 25),
(898, NULL, 'Pregled kupona', '2017-06-12 14:23:48', 'Ostale radnje', 25),
(899, NULL, 'Pregled kupona', '2017-06-12 14:25:41', 'Ostale radnje', 25),
(900, NULL, 'Pregled kupona', '2017-06-12 14:26:08', 'Ostale radnje', 25),
(901, NULL, 'Pregled kupona', '2017-06-12 14:26:34', 'Ostale radnje', 25),
(902, NULL, 'Pregled kupona', '2017-06-12 14:28:13', 'Ostale radnje', 25),
(903, NULL, 'Pregled kupona', '2017-06-12 14:29:01', 'Ostale radnje', 25),
(904, NULL, 'Pregled kupona', '2017-06-12 14:32:48', 'Ostale radnje', 25),
(905, NULL, 'Pregled kupona', '2017-06-12 14:34:48', 'Ostale radnje', 25),
(906, NULL, 'Pregled kupona', '2017-06-12 14:40:33', 'Ostale radnje', 25),
(907, NULL, 'Pregled kupona', '2017-06-12 14:41:54', 'Ostale radnje', 25),
(908, NULL, 'Pregled kupona', '2017-06-12 14:42:21', 'Ostale radnje', 25),
(909, NULL, 'Pregled kupona', '2017-06-12 14:42:40', 'Ostale radnje', 25),
(910, NULL, 'Pregled kupona', '2017-06-12 14:43:18', 'Ostale radnje', 25),
(911, NULL, 'Pregled kupona', '2017-06-12 14:44:48', 'Ostale radnje', 25),
(912, NULL, 'Pregled kupona', '2017-06-12 14:45:15', 'Ostale radnje', 25),
(913, NULL, 'Pregled kupona', '2017-06-12 14:46:33', 'Ostale radnje', 25),
(914, NULL, 'Pregled kupona', '2017-06-12 14:47:12', 'Ostale radnje', 25),
(915, NULL, 'Pregled kupona', '2017-06-12 14:48:13', 'Ostale radnje', 25),
(916, NULL, 'Pregled kupona', '2017-06-12 14:48:49', 'Ostale radnje', 25),
(917, NULL, 'Pregled kupona', '2017-06-12 14:49:18', 'Ostale radnje', 25),
(918, NULL, 'Pregled kupona', '2017-06-12 14:55:49', 'Ostale radnje', 25),
(919, NULL, 'Pregled kupona', '2017-06-12 14:56:46', 'Ostale radnje', 25),
(920, NULL, 'Pregled kupona', '2017-06-12 14:57:26', 'Ostale radnje', 25),
(921, NULL, 'Pregled kupona', '2017-06-12 14:58:00', 'Ostale radnje', 25),
(922, NULL, 'Pregled kupona', '2017-06-12 14:58:19', 'Ostale radnje', 25),
(923, NULL, 'Pregled kupona', '2017-06-12 14:59:09', 'Ostale radnje', 25),
(924, NULL, 'Pregled kupona', '2017-06-12 15:00:23', 'Ostale radnje', 25),
(925, NULL, 'Pregled kupona', '2017-06-12 15:01:07', 'Ostale radnje', 25),
(926, NULL, 'Pregled kupona', '2017-06-12 15:02:04', 'Ostale radnje', 25),
(927, NULL, 'Pregled kupona', '2017-06-12 15:04:43', 'Ostale radnje', 25),
(928, NULL, 'Pregled kupona', '2017-06-12 15:05:30', 'Ostale radnje', 25),
(929, NULL, 'Pregled kupona', '2017-06-12 15:05:44', 'Ostale radnje', 25),
(930, NULL, 'Pregled kupona', '2017-06-12 15:06:40', 'Ostale radnje', 25),
(931, NULL, 'Pregled kupona', '2017-06-12 15:06:48', 'Ostale radnje', 25),
(932, NULL, 'Pregled kupona', '2017-06-12 15:06:56', 'Ostale radnje', 25),
(933, NULL, 'Pregled kupona', '2017-06-12 15:07:13', 'Ostale radnje', 25),
(934, NULL, 'Pregled kupona', '2017-06-12 15:08:05', 'Ostale radnje', 25),
(935, NULL, 'Pregled kupona', '2017-06-12 15:08:57', 'Ostale radnje', 25),
(936, NULL, 'Pregled kupona', '2017-06-12 15:10:38', 'Ostale radnje', 25),
(937, NULL, 'Pregled kupona', '2017-06-12 15:12:50', 'Ostale radnje', 25),
(938, NULL, 'Pregled kupona', '2017-06-12 15:13:09', 'Ostale radnje', 25),
(939, NULL, 'Pregled kupona', '2017-06-12 15:16:49', 'Ostale radnje', 25),
(940, NULL, 'Pregled kupona', '2017-06-12 15:17:00', 'Ostale radnje', 25),
(941, NULL, 'Odjava', '2017-06-12 15:18:47', 'Prijava i odjava', 25),
(942, NULL, 'Uspješna prijava', '2017-06-12 15:18:55', 'Prijava i odjava', 1),
(943, NULL, 'Uspješna prijava', '2017-06-12 18:23:59', 'Prijava i odjava', 25),
(944, NULL, 'Pregled kupona', '2017-06-12 18:24:03', 'Ostale radnje', 25),
(945, NULL, 'Pregled kupona', '2017-06-12 18:24:25', 'Ostale radnje', 25),
(946, NULL, 'Pregled kupona', '2017-06-12 18:24:36', 'Ostale radnje', 25),
(947, NULL, 'Pregled kupona', '2017-06-12 18:25:23', 'Ostale radnje', 25),
(948, NULL, 'Pregled kupona', '2017-06-12 18:25:42', 'Ostale radnje', 25),
(949, NULL, 'Pregled kupona', '2017-06-12 18:26:29', 'Ostale radnje', 25),
(950, NULL, 'Pregled kupona', '2017-06-12 18:27:49', 'Ostale radnje', 25),
(951, NULL, 'Pregled kupona', '2017-06-12 18:28:27', 'Ostale radnje', 25),
(952, NULL, 'Pregled kupona', '2017-06-12 18:29:04', 'Ostale radnje', 25),
(953, NULL, 'Pregled kupona', '2017-06-12 18:51:00', 'Ostale radnje', 25),
(954, NULL, 'Pregled bodova', '2017-06-12 19:17:00', 'Ostale radnje', 25),
(955, NULL, 'Odjava', '2017-06-12 19:32:16', 'Prijava i odjava', 25),
(956, NULL, 'Uspješna prijava', '2017-06-12 19:32:23', 'Prijava i odjava', 1),
(957, NULL, 'Odjava', '2017-06-12 19:42:15', 'Prijava i odjava', 1),
(958, NULL, 'Uspješna prijava', '2017-06-12 19:42:24', 'Prijava i odjava', 1),
(959, NULL, 'Odjava', '2017-06-12 19:42:26', 'Prijava i odjava', 1),
(960, NULL, 'Uspješna prijava', '2017-06-12 19:42:32', 'Prijava i odjava', 25),
(961, NULL, 'Pregled kupona', '2017-06-12 19:45:29', 'Ostale radnje', 25),
(962, NULL, 'Pregled kupona', '2017-06-12 19:46:18', 'Ostale radnje', 25),
(963, NULL, 'Pregled kupona', '2017-06-12 19:47:10', 'Ostale radnje', 25),
(964, NULL, 'Pregled kupona', '2017-06-12 19:50:05', 'Ostale radnje', 25),
(965, NULL, 'Pregled kupona', '2017-06-12 19:51:31', 'Ostale radnje', 25),
(966, NULL, 'Pregled kupona', '2017-06-12 19:56:34', 'Ostale radnje', 25),
(967, NULL, 'Pregled kupona', '2017-06-12 19:57:30', 'Ostale radnje', 25),
(968, NULL, 'Odjava', '2017-06-12 19:59:48', 'Prijava i odjava', 25),
(969, NULL, 'Uspješna prijava', '2017-06-12 19:59:52', 'Prijava i odjava', 25),
(970, NULL, 'Pregled kupona', '2017-06-12 20:00:02', 'Ostale radnje', 25),
(971, NULL, 'Pregled kupona', '2017-06-12 20:01:19', 'Ostale radnje', 25),
(972, NULL, 'Pregled kupona', '2017-06-12 20:14:58', 'Ostale radnje', 25),
(973, NULL, 'Pregled kupona', '2017-06-12 20:16:59', 'Ostale radnje', 25),
(974, NULL, 'Pregled kupona', '2017-06-12 20:17:26', 'Ostale radnje', 25),
(975, NULL, 'Pregled kupona', '2017-06-12 20:18:14', 'Ostale radnje', 25),
(976, NULL, 'Pregled kupona', '2017-06-12 20:18:20', 'Ostale radnje', 25),
(977, NULL, 'Pregled kupona', '2017-06-12 20:18:37', 'Ostale radnje', 25),
(978, NULL, 'Pregled kupona', '2017-06-12 20:21:42', 'Ostale radnje', 25),
(979, NULL, 'Pregled kupona', '2017-06-12 20:23:50', 'Ostale radnje', 25),
(980, NULL, 'Pregled kupona', '2017-06-12 20:24:13', 'Ostale radnje', 25),
(981, NULL, 'Pregled kupona', '2017-06-12 20:25:25', 'Ostale radnje', 25),
(982, NULL, 'Pregled bodova', '2017-06-12 20:27:35', 'Ostale radnje', 25),
(983, NULL, 'Pregled kupona', '2017-06-12 20:27:37', 'Ostale radnje', 25),
(984, NULL, 'Pregled kupona', '2017-06-12 20:28:45', 'Ostale radnje', 25),
(985, NULL, 'Pregled kupona', '2017-06-12 20:29:07', 'Ostale radnje', 25),
(986, NULL, 'Pregled kupona', '2017-06-12 20:30:20', 'Ostale radnje', 25),
(987, NULL, 'Pregled kupona', '2017-06-12 20:32:35', 'Ostale radnje', 25),
(988, NULL, 'Pregled kupona', '2017-06-12 20:32:55', 'Ostale radnje', 25),
(989, NULL, 'Pregled kupona', '2017-06-12 20:33:12', 'Ostale radnje', 25),
(990, NULL, 'Pregled kupona', '2017-06-12 20:33:56', 'Ostale radnje', 25),
(991, NULL, 'Pregled kupona', '2017-06-12 20:34:45', 'Ostale radnje', 25),
(992, NULL, 'Odjava', '2017-06-12 20:40:28', 'Prijava i odjava', 25),
(993, NULL, 'Uspješna prijava', '2017-06-12 20:40:40', 'Prijava i odjava', 9),
(994, NULL, 'Odjava', '2017-06-12 20:41:13', 'Prijava i odjava', 9),
(995, NULL, 'Uspješna prijava', '2017-06-12 20:41:20', 'Prijava i odjava', 25),
(996, NULL, 'Pregled kupona', '2017-06-12 20:43:14', 'Ostale radnje', 25),
(997, NULL, 'Odjava', '2017-06-12 20:50:28', 'Prijava i odjava', 25),
(998, NULL, 'Uspješna prijava', '2017-06-12 20:50:39', 'Prijava i odjava', 1),
(999, NULL, 'Odjava', '2017-06-12 20:54:47', 'Prijava i odjava', 1),
(1000, NULL, 'Uspješna prijava', '2017-06-12 20:54:54', 'Prijava i odjava', 25),
(1001, NULL, 'Pregled kupona', '2017-06-12 20:54:56', 'Ostale radnje', 25),
(1002, NULL, 'Kupnja kupona', '2017-06-12 21:27:39', 'Ostale radje', 25),
(1003, NULL, 'Pregled kupona', '2017-06-12 21:28:23', 'Ostale radnje', 25),
(1004, NULL, 'Kupnja kupona', '2017-06-12 21:28:51', 'Ostale radje', 25),
(1005, NULL, 'Pregled bodova', '2017-06-12 21:29:30', 'Ostale radnje', 25),
(1006, NULL, 'Pregled kupona', '2017-06-12 21:29:38', 'Ostale radnje', 25),
(1007, NULL, 'Pregled kupona', '2017-06-12 21:29:44', 'Ostale radnje', 25),
(1008, NULL, 'Pregled kupona', '2017-06-12 21:30:55', 'Ostale radnje', 25),
(1009, NULL, 'Pregled kupona', '2017-06-12 21:31:45', 'Ostale radnje', 25),
(1010, NULL, 'Pregled kupona', '2017-06-12 21:31:54', 'Ostale radnje', 25),
(1011, NULL, 'Pregled kupona', '2017-06-12 21:33:34', 'Ostale radnje', 25),
(1012, NULL, 'Pregled kupona', '2017-06-12 21:33:42', 'Ostale radnje', 25),
(1013, NULL, 'Pregled kupona', '2017-06-12 21:34:29', 'Ostale radnje', 25),
(1014, NULL, 'Pregled kupona', '2017-06-12 21:35:18', 'Ostale radnje', 25),
(1015, NULL, 'Pregled kupona', '2017-06-12 21:35:26', 'Ostale radnje', 25),
(1016, NULL, 'Pregled kupona', '2017-06-12 21:36:04', 'Ostale radnje', 25),
(1017, NULL, 'Pregled kupona', '2017-06-12 21:36:28', 'Ostale radnje', 25),
(1018, NULL, 'Pregled bodova', '2017-06-12 21:36:50', 'Ostale radnje', 25),
(1019, NULL, 'Pregled kupona', '2017-06-12 21:37:32', 'Ostale radnje', 25),
(1020, NULL, 'Kupnja kupona', '2017-06-12 21:37:42', 'Ostale radje', 25),
(1021, NULL, 'Pregled bodova', '2017-06-12 21:37:47', 'Ostale radnje', 25),
(1022, NULL, 'Pregled bodova', '2017-06-12 21:39:18', 'Ostale radnje', 25),
(1023, NULL, 'Pregled kupona', '2017-06-12 21:39:31', 'Ostale radnje', 25),
(1024, NULL, 'Pregled bodova', '2017-06-12 21:39:51', 'Ostale radnje', 25),
(1025, NULL, 'Kupnja kupona', '2017-06-12 21:40:49', 'Ostale radje', 25),
(1026, NULL, 'Pregled bodova', '2017-06-12 21:40:54', 'Ostale radnje', 25),
(1027, NULL, 'Pregled kupona', '2017-06-12 21:42:51', 'Ostale radnje', 25),
(1028, NULL, 'Kupnja kupona', '2017-06-12 21:42:58', 'Ostale radje', 25),
(1029, NULL, 'Pregled kupona', '2017-06-12 21:45:05', 'Ostale radnje', 25),
(1030, NULL, 'Kupnja kupona', '2017-06-12 21:45:18', 'Ostale radje', 25),
(1031, NULL, 'Pregled kupona', '2017-06-12 21:48:36', 'Ostale radnje', 25),
(1032, NULL, 'Kupnja kupona', '2017-06-12 21:48:49', 'Ostale radje', 25),
(1033, NULL, 'Pregled bodova', '2017-06-12 21:53:35', 'Ostale radnje', 25),
(1034, NULL, 'Pregled bodova', '2017-06-12 21:54:54', 'Ostale radnje', 25),
(1035, NULL, 'Pregled kupona', '2017-06-12 21:55:40', 'Ostale radnje', 25),
(1036, NULL, 'Kupnja kupona', '2017-06-12 21:55:46', 'Ostale radje', 25),
(1037, NULL, 'Pregled bodova', '2017-06-12 21:55:53', 'Ostale radnje', 25),
(1038, NULL, 'Odjava', '2017-06-12 21:57:27', 'Prijava i odjava', 25),
(1039, NULL, 'Uspješna prijava', '2017-06-13 17:43:33', 'Prijava i odjava', 25),
(1040, NULL, 'Pregled kupona', '2017-06-13 17:46:05', 'Ostale radnje', 25),
(1041, NULL, 'Pregled kupona', '2017-06-13 17:50:52', 'Ostale radnje', 25),
(1042, NULL, 'Kupnja kupona', '2017-06-13 17:51:02', 'Ostale radje', 25),
(1043, NULL, 'Pregled bodova', '2017-06-13 17:53:33', 'Ostale radnje', 25),
(1044, NULL, 'Pregled programa', '2017-06-13 17:53:38', 'Ostale radnje', 25),
(1045, NULL, 'Pregled kupona', '2017-06-13 17:53:39', 'Ostale radnje', 25),
(1046, NULL, 'Kupnja kupona', '2017-06-13 17:53:45', 'Ostale radje', 25),
(1047, NULL, 'Pregled kupona', '2017-06-13 17:55:37', 'Ostale radnje', 25),
(1048, NULL, 'Kupnja kupona', '2017-06-13 17:55:44', 'Ostale radje', 25),
(1049, NULL, 'Pregled kupona', '2017-06-13 17:59:03', 'Ostale radnje', 25),
(1050, NULL, 'Kupnja kupona', '2017-06-13 17:59:14', 'Ostale radje', 25),
(1051, NULL, 'Pregled kupona', '2017-06-13 17:59:21', 'Ostale radnje', 25),
(1052, NULL, 'Kupnja kupona', '2017-06-13 18:00:05', 'Ostale radje', 25),
(1053, NULL, 'Pregled kupona', '2017-06-13 18:00:22', 'Ostale radnje', 25),
(1054, NULL, 'Pregled bodova', '2017-06-13 18:00:48', 'Ostale radnje', 25),
(1055, NULL, 'Odjava', '2017-06-13 18:01:38', 'Prijava i odjava', 25),
(1056, NULL, 'Uspješna prijava', '2017-06-13 18:01:49', 'Prijava i odjava', 2),
(1057, NULL, 'Pregled bodova', '2017-06-13 18:01:56', 'Ostale radnje', 2),
(1058, NULL, 'Odjava', '2017-06-13 18:03:26', 'Prijava i odjava', 2),
(1059, NULL, 'Uspješna prijava', '2017-06-13 18:03:35', 'Prijava i odjava', 1),
(1060, NULL, 'Pregled bodova', '2017-06-13 18:03:43', 'Ostale radnje', 1),
(1061, NULL, 'Odjava', '2017-06-13 18:04:16', 'Prijava i odjava', 1),
(1062, NULL, 'Uspješna prijava', '2017-06-13 18:04:25', 'Prijava i odjava', 2),
(1063, NULL, 'Pregled programa', '2017-06-13 18:04:40', 'Ostale radnje', 2),
(1064, NULL, 'Odjava', '2017-06-13 18:09:03', 'Prijava i odjava', 2),
(1065, NULL, 'Uspješna prijava', '2017-06-13 18:09:09', 'Prijava i odjava', 25),
(1066, NULL, 'Pregled kupona', '2017-06-13 18:29:18', 'Ostale radnje', 25),
(1067, NULL, 'Pregled bodova', '2017-06-13 18:30:56', 'Ostale radnje', 25),
(1068, NULL, 'Pregled bodova', '2017-06-13 18:38:06', 'Ostale radnje', 25),
(1069, NULL, 'Pregled programa', '2017-06-13 18:46:07', 'Ostale radnje', 25),
(1070, NULL, 'Pregled kupona', '2017-06-13 18:46:08', 'Ostale radnje', 25),
(1071, NULL, 'Pregled bodova', '2017-06-13 18:46:16', 'Ostale radnje', 25),
(1072, NULL, 'Odjava', '2017-06-13 19:40:12', 'Prijava i odjava', 25),
(1073, NULL, 'Uspješna prijava', '2017-06-13 19:40:23', 'Prijava i odjava', 1),
(1074, NULL, 'Pregled bodova', '2017-06-13 20:17:17', 'Ostale radnje', 1),
(1075, NULL, 'Odjava', '2017-06-13 20:17:25', 'Prijava i odjava', 1),
(1076, NULL, 'Uspješna prijava', '2017-06-13 20:17:30', 'Prijava i odjava', 25),
(1077, NULL, 'Pregled bodova', '2017-06-13 20:17:32', 'Ostale radnje', 25),
(1078, NULL, 'Pregled bodova', '2017-06-13 20:21:53', 'Ostale radnje', 25),
(1079, NULL, 'Pregled bodova', '2017-06-13 20:22:11', 'Ostale radnje', 25),
(1080, NULL, 'Pregled bodova', '2017-06-13 20:22:42', 'Ostale radnje', 25),
(1081, NULL, 'Pregled bodova', '2017-06-13 20:23:19', 'Ostale radnje', 25),
(1082, NULL, 'Pregled bodova', '2017-06-13 20:24:20', 'Ostale radnje', 25),
(1083, NULL, 'Odjava', '2017-06-13 20:24:41', 'Prijava i odjava', 25),
(1084, NULL, 'Uspješna prijava', '2017-06-13 20:25:01', 'Prijava i odjava', 1),
(1085, NULL, 'Odjava', '2017-06-13 20:25:47', 'Prijava i odjava', 1),
(1086, NULL, 'Uspješna prijava', '2017-06-13 20:25:52', 'Prijava i odjava', 25),
(1087, NULL, 'Pregled kupona', '2017-06-13 20:27:29', 'Ostale radnje', 25),
(1088, NULL, 'Pregled programa', '2017-06-13 20:27:30', 'Ostale radnje', 25),
(1089, NULL, 'Pregled kupona', '2017-06-13 20:27:31', 'Ostale radnje', 25),
(1090, NULL, 'Pregled programa', '2017-06-13 20:27:32', 'Ostale radnje', 25),
(1091, NULL, 'Pregled kupona', '2017-06-13 20:27:33', 'Ostale radnje', 25),
(1092, NULL, 'Pregled programa', '2017-06-13 20:27:34', 'Ostale radnje', 25),
(1093, NULL, 'Pregled kupona', '2017-06-13 20:27:35', 'Ostale radnje', 25),
(1094, NULL, 'Pregled programa', '2017-06-13 20:27:35', 'Ostale radnje', 25),
(1095, NULL, 'Pregled kupona', '2017-06-13 20:27:36', 'Ostale radnje', 25),
(1096, NULL, 'Pregled programa', '2017-06-13 20:27:38', 'Ostale radnje', 25),
(1097, NULL, 'Pregled bodova', '2017-06-13 20:27:39', 'Ostale radnje', 25),
(1098, NULL, 'Pregled programa', '2017-06-13 20:27:50', 'Ostale radnje', 25),
(1099, NULL, 'Pregled programa', '2017-06-13 20:27:54', 'Ostale radnje', 25),
(1100, NULL, 'Pregled bodova', '2017-06-13 20:27:57', 'Ostale radnje', 25),
(1101, NULL, 'Pregled programa', '2017-06-13 20:28:01', 'Ostale radnje', 25),
(1102, NULL, 'Pregled programa', '2017-06-13 20:28:03', 'Ostale radnje', 25),
(1103, NULL, 'Pregled programa', '2017-06-13 20:28:05', 'Ostale radnje', 25),
(1104, NULL, 'Pregled programa', '2017-06-13 20:28:06', 'Ostale radnje', 25),
(1105, NULL, 'Pregled programa', '2017-06-13 20:28:09', 'Ostale radnje', 25),
(1106, NULL, 'Pregled programa', '2017-06-13 20:28:10', 'Ostale radnje', 25),
(1107, NULL, 'Pregled programa', '2017-06-13 20:28:12', 'Ostale radnje', 25),
(1108, NULL, 'Pregled programa', '2017-06-13 20:28:14', 'Ostale radnje', 25),
(1109, NULL, 'Pregled bodova', '2017-06-13 20:28:19', 'Ostale radnje', 25),
(1110, NULL, 'Pregled bodova', '2017-06-13 20:28:58', 'Ostale radnje', 25),
(1111, NULL, 'Pregled bodova', '2017-06-13 20:29:50', 'Ostale radnje', 25),
(1112, NULL, 'Odjava', '2017-06-13 20:29:59', 'Prijava i odjava', 25),
(1113, NULL, 'Uspješna prijava', '2017-06-13 20:30:06', 'Prijava i odjava', 1),
(1114, NULL, 'Odjava', '2017-06-13 20:31:04', 'Prijava i odjava', 1),
(1115, NULL, 'Uspješna prijava', '2017-06-13 20:31:09', 'Prijava i odjava', 1),
(1116, NULL, 'Odjava', '2017-06-13 20:31:34', 'Prijava i odjava', 1),
(1117, NULL, 'Uspješna prijava', '2017-06-13 20:31:42', 'Prijava i odjava', 25),
(1118, NULL, 'Pregled kupona', '2017-06-13 20:32:33', 'Ostale radnje', 25),
(1119, NULL, 'Kupnja kupona', '2017-06-13 20:32:55', 'Ostale radje', 25),
(1120, NULL, 'Pregled kupona', '2017-06-13 20:32:56', 'Ostale radnje', 25),
(1121, NULL, 'Kupnja kupona', '2017-06-13 20:33:07', 'Ostale radje', 25),
(1122, NULL, 'Pregled bodova', '2017-06-13 20:33:08', 'Ostale radnje', 25),
(1123, NULL, 'Pregled kupona', '2017-06-13 20:33:13', 'Ostale radnje', 25),
(1124, NULL, 'Pregled bodova', '2017-06-13 20:33:15', 'Ostale radnje', 25),
(1125, NULL, 'Pregled kupona', '2017-06-13 20:33:16', 'Ostale radnje', 25),
(1126, NULL, 'Kupnja kupona', '2017-06-13 20:33:25', 'Ostale radje', 25),
(1127, NULL, 'Pregled kupona', '2017-06-13 20:34:06', 'Ostale radnje', 25),
(1128, NULL, 'Kupnja kupona', '2017-06-13 20:34:14', 'Ostale radje', 25),
(1129, NULL, 'Pregled kupona', '2017-06-13 20:34:16', 'Ostale radnje', 25),
(1130, NULL, 'Pregled bodova', '2017-06-13 20:42:48', 'Ostale radnje', 25),
(1131, NULL, 'Odjava', '2017-06-13 20:43:11', 'Prijava i odjava', 25),
(1132, NULL, 'Uspješna prijava', '2017-06-13 20:45:18', 'Prijava i odjava', 1),
(1133, NULL, 'Odjava', '2017-06-13 21:02:43', 'Prijava i odjava', 1),
(1134, NULL, 'Uspješna prijava', '2017-06-13 21:02:48', 'Prijava i odjava', 25),
(1135, NULL, 'Pregled programa', '2017-06-13 21:10:11', 'Ostale radnje', 25),
(1136, NULL, 'Odjava', '2017-06-13 21:10:19', 'Prijava i odjava', 25),
(1137, NULL, 'Uspješna prijava', '2017-06-13 22:23:13', 'Prijava i odjava', 1),
(1138, NULL, 'Pregled programa', '2017-06-13 22:23:20', 'Ostale radnje', 1),
(1139, NULL, 'Pregled bodova', '2017-06-13 22:23:28', 'Ostale radnje', 1),
(1140, NULL, 'Pregled programa', '2017-06-13 22:23:50', 'Ostale radnje', 1),
(1141, NULL, 'Odjava', '2017-06-13 22:28:15', 'Prijava i odjava', 1),
(1142, NULL, 'Neuspješna prijava', '2017-06-13 22:28:21', 'Prijava i odjava', 2),
(1143, NULL, 'Uspješna prijava', '2017-06-13 22:28:26', 'Prijava i odjava', 2),
(1144, NULL, 'Pregled programa', '2017-06-13 22:28:39', 'Ostale radnje', 2),
(1145, NULL, 'Zabrana korisniku', '2017-06-13 22:28:57', 'Ostale radnje', 2),
(1146, NULL, 'Odjava', '2017-06-13 22:29:14', 'Prijava i odjava', 2),
(1147, NULL, 'Uspješna prijava', '2017-06-13 22:29:21', 'Prijava i odjava', 25),
(1148, NULL, 'Pregled programa', '2017-06-13 22:29:23', 'Ostale radnje', 25),
(1149, NULL, 'Pregled kupona', '2017-06-13 22:29:26', 'Ostale radnje', 25),
(1150, NULL, 'Pregled bodova', '2017-06-13 22:29:38', 'Ostale radnje', 25),
(1151, NULL, 'Pregled bodova', '2017-06-13 22:29:56', 'Ostale radnje', 25),
(1152, NULL, 'Pregled kupona', '2017-06-13 22:29:58', 'Ostale radnje', 25),
(1153, NULL, 'Pregled bodova', '2017-06-13 22:30:09', 'Ostale radnje', 25),
(1154, NULL, 'Odjava', '2017-06-13 22:30:18', 'Prijava i odjava', 25),
(1155, NULL, 'Uspješna prijava', '2017-06-13 22:30:52', 'Prijava i odjava', 25),
(1156, NULL, 'Pregled programa', '2017-06-13 22:30:54', 'Ostale radnje', 25),
(1157, NULL, 'Pregled kupona', '2017-06-13 22:30:55', 'Ostale radnje', 25),
(1158, NULL, 'Pregled bodova', '2017-06-13 22:31:03', 'Ostale radnje', 25),
(1159, NULL, 'Pregled programa', '2017-06-13 22:32:19', 'Ostale radnje', 25),
(1160, NULL, 'Pregled kupona', '2017-06-13 22:32:38', 'Ostale radnje', 25),
(1161, NULL, 'Kupnja kupona', '2017-06-13 22:33:05', 'Ostale radje', 25),
(1162, NULL, 'Pregled kupona', '2017-06-13 22:33:06', 'Ostale radnje', 25),
(1163, NULL, 'Odjava', '2017-06-13 22:33:09', 'Prijava i odjava', 25),
(1164, NULL, 'Uspješna prijava', '2017-06-13 22:33:23', 'Prijava i odjava', 2),
(1165, NULL, 'Pregled programa', '2017-06-13 22:33:36', 'Ostale radnje', 2),
(1166, NULL, 'Zabrana korisniku', '2017-06-13 22:34:04', 'Ostale radnje', 2),
(1167, NULL, 'Odjava', '2017-06-13 22:34:33', 'Prijava i odjava', 2),
(1168, NULL, 'Uspješna prijava', '2017-06-13 22:34:41', 'Prijava i odjava', 1),
(1169, NULL, 'Pregled programa', '2017-06-13 22:34:44', 'Ostale radnje', 1),
(1170, NULL, 'Pregled bodova', '2017-06-13 22:34:52', 'Ostale radnje', 1),
(1171, NULL, 'Promjena postavki sustava', '2017-06-13 22:35:45', 'Ostale radnje', 1),
(1172, NULL, 'Odjava', '2017-06-13 22:36:28', 'Prijava i odjava', 1),
(1173, NULL, 'Uspješna prijava', '2017-06-14 12:46:31', 'Prijava i odjava', 25),
(1174, NULL, 'Pregled kupona', '2017-06-14 12:46:37', 'Ostale radnje', 25),
(1175, NULL, 'Pregled kupona', '2017-06-14 12:47:37', 'Ostale radnje', 25),
(1176, NULL, 'Odjava', '2017-06-14 12:48:25', 'Prijava i odjava', 25),
(1177, NULL, 'Uspješna prijava', '2017-06-14 12:52:24', 'Prijava i odjava', 25),
(1178, NULL, 'Pregled kupona', '2017-06-14 12:52:28', 'Ostale radnje', 25),
(1179, NULL, 'Odjava', '2017-06-14 12:53:04', 'Prijava i odjava', 25),
(1180, NULL, 'Uspješna prijava', '2017-06-14 14:16:23', 'Prijava i odjava', 25),
(1181, NULL, 'Uspješna prijava', '2017-06-14 21:38:35', 'Prijava i odjava', 25),
(1182, NULL, 'Pregled bodova', '2017-06-14 21:38:36', 'Ostale radnje', 25),
(1183, NULL, 'Pregled bodova', '2017-06-14 21:38:50', 'Ostale radnje', 25),
(1184, NULL, 'Pregled bodova', '2017-06-14 17:05:13', 'Ostale radnje', 25),
(1185, NULL, 'Pregled kupona', '2017-06-14 17:05:16', 'Ostale radnje', 25),
(1186, NULL, 'Pregled bodova', '2017-06-14 17:05:21', 'Ostale radnje', 25),
(1187, NULL, 'Odjava', '2017-06-14 18:05:39', 'Prijava i odjava', 25),
(1188, NULL, 'Uspješna prijava', '2017-06-14 18:05:45', 'Prijava i odjava', 1),
(1189, NULL, 'Odjava', '2017-06-14 22:08:29', 'Prijava i odjava', 1),
(1190, NULL, 'Uspješna prijava', '2017-06-14 22:08:42', 'Prijava i odjava', 1),
(1191, NULL, 'Odjava', '2017-06-14 22:10:18', 'Prijava i odjava', 1),
(1192, NULL, 'Uspješna prijava', '2017-06-15 11:20:54', 'Prijava i odjava', 1),
(1193, NULL, 'Odjava', '2017-06-15 12:38:21', 'Prijava i odjava', 1),
(1194, NULL, 'Uspješna prijava', '2017-06-15 13:47:20', 'Prijava i odjava', 1),
(1195, NULL, 'Odjava', '2017-06-15 14:19:48', 'Prijava i odjava', 1),
(1196, NULL, 'Uspješna prijava', '2017-06-15 14:24:24', 'Prijava i odjava', 1),
(1197, NULL, 'Promjena profila', '2017-06-15 14:24:46', 'Ostale radnje', 1),
(1198, NULL, 'Promjena profila', '2017-06-15 14:24:49', 'Ostale radnje', 1),
(1199, NULL, 'Odjava', '2017-06-15 14:26:15', 'Prijava i odjava', 1),
(1200, NULL, 'Uspješna prijava', '2017-06-15 14:26:27', 'Prijava i odjava', 25),
(1201, NULL, 'Pregled kupona', '2017-06-15 14:26:33', 'Ostale radnje', 25),
(1202, NULL, 'Odjava', '2017-06-15 14:33:17', 'Prijava i odjava', 25),
(1203, NULL, 'Uspješna prijava', '2017-06-15 15:05:44', 'Prijava i odjava', 1),
(1204, NULL, 'Odjava', '2017-06-15 15:05:46', 'Prijava i odjava', 1),
(1205, NULL, 'Uspješna prijava', '2017-06-15 15:05:50', 'Prijava i odjava', 1),
(1206, NULL, 'Uspješna prijava', '2017-06-15 15:12:34', 'Prijava i odjava', 7),
(1207, NULL, 'Odjava', '2017-06-15 15:12:41', 'Prijava i odjava', 1),
(1208, NULL, 'Uspješna prijava', '2017-06-15 15:12:49', 'Prijava i odjava', 25),
(1209, NULL, 'Pregled programa', '2017-06-15 15:13:29', 'Ostale radnje', 7),
(1210, NULL, 'Pregled programa', '2017-06-15 15:13:31', 'Ostale radnje', 25),
(1211, NULL, 'Upis u program', '2017-06-15 15:13:49', 'Ostale radnje', 7),
(1212, NULL, 'Pregled programa', '2017-06-15 15:13:51', 'Ostale radnje', 7),
(1213, NULL, 'Pregled programa', '2017-06-15 15:13:53', 'Ostale radnje', 7),
(1214, NULL, 'Pregled programa', '2017-06-15 15:14:02', 'Ostale radnje', 25),
(1215, NULL, 'Pregled programa', '2017-06-15 15:14:08', 'Ostale radnje', 7),
(1216, NULL, 'Pregled programa', '2017-06-15 15:14:37', 'Ostale radnje', 7),
(1217, NULL, 'Pregled kupona', '2017-06-15 15:14:38', 'Ostale radnje', 7),
(1218, NULL, 'Pregled kupona', '2017-06-15 15:14:42', 'Ostale radnje', 25),
(1219, NULL, 'Pregled programa', '2017-06-15 15:14:47', 'Ostale radnje', 7),
(1220, NULL, 'Pregled programa', '2017-06-15 15:14:50', 'Ostale radnje', 7),
(1221, NULL, 'Odjava', '2017-06-15 15:14:54', 'Prijava i odjava', 25),
(1222, NULL, 'Upis u program', '2017-06-15 15:14:55', 'Ostale radnje', 7),
(1223, NULL, 'Pregled programa', '2017-06-15 15:14:56', 'Ostale radnje', 7),
(1224, NULL, 'Pregled kupona', '2017-06-15 15:15:02', 'Ostale radnje', 7),
(1225, NULL, 'Uspješna prijava', '2017-06-15 15:15:11', 'Prijava i odjava', 25),
(1226, NULL, 'Pregled kupona', '2017-06-15 15:15:18', 'Ostale radnje', 25),
(1227, NULL, 'Pregled bodova', '2017-06-15 15:15:28', 'Ostale radnje', 25),
(1228, NULL, 'Pregled bodova', '2017-06-15 15:15:35', 'Ostale radnje', 7),
(1229, NULL, 'Pregled bodova', '2017-06-15 15:15:55', 'Ostale radnje', 7),
(1230, NULL, 'Uspješna prijava', '2017-06-15 15:16:23', 'Prijava i odjava', 1),
(1231, NULL, 'Promjena postavki sustava', '2017-06-15 15:16:30', 'Ostale radnje', 1),
(1232, NULL, 'Kupnja kupona', '2017-06-15 15:16:34', 'Ostale radje', 7),
(1233, NULL, 'Pregled kupona', '2017-06-15 15:16:38', 'Ostale radnje', 7),
(1234, NULL, 'Pregled bodova', '2017-06-15 15:16:44', 'Ostale radnje', 7),
(1235, NULL, 'Pregled kupona', '2017-06-15 15:17:34', 'Ostale radnje', 25),
(1236, NULL, 'Pregled kupona', '2017-06-15 15:17:37', 'Ostale radnje', 7),
(1237, NULL, 'Kupnja kupona', '2017-06-15 15:17:40', 'Ostale radje', 25),
(1238, NULL, 'Pregled kupona', '2017-06-15 15:17:41', 'Ostale radnje', 25),
(1239, NULL, 'Pregled bodova', '2017-06-15 15:18:21', 'Ostale radnje', 7),
(1240, NULL, 'Pregled kupona', '2017-06-15 15:18:25', 'Ostale radnje', 7),
(1241, NULL, 'Pregled kupona', '2017-06-15 15:18:27', 'Ostale radnje', 7),
(1242, NULL, 'Pregled kupona', '2017-06-15 15:18:53', 'Ostale radnje', 7),
(1243, NULL, 'Pregled kupona', '2017-06-15 15:19:20', 'Ostale radnje', 7),
(1244, NULL, 'Kupnja kupona', '2017-06-15 15:19:32', 'Ostale radje', 7),
(1245, NULL, 'Pregled bodova', '2017-06-15 15:20:00', 'Ostale radnje', 7),
(1246, NULL, 'Pregled bodova', '2017-06-15 15:20:02', 'Ostale radnje', 25),
(1247, NULL, 'Pregled kupona', '2017-06-15 15:20:10', 'Ostale radnje', 7),
(1248, NULL, 'Pregled bodova', '2017-06-15 15:20:12', 'Ostale radnje', 7),
(1249, NULL, 'Pregled bodova', '2017-06-15 15:21:27', 'Ostale radnje', 25),
(1250, NULL, 'Pregled kupona', '2017-06-15 15:21:30', 'Ostale radnje', 25),
(1251, NULL, 'Promjena profila', '2017-06-15 15:22:58', 'Ostale radnje', 7),
(1252, NULL, 'Pregled bodova', '2017-06-15 15:23:09', 'Ostale radnje', 7),
(1253, NULL, 'Pregled kupona', '2017-06-15 15:23:15', 'Ostale radnje', 7),
(1254, NULL, 'Pregled programa', '2017-06-15 15:23:17', 'Ostale radnje', 7),
(1255, NULL, 'Pregled kupona', '2017-06-15 15:23:45', 'Ostale radnje', 7),
(1256, NULL, 'Pregled kupona', '2017-06-15 15:23:47', 'Ostale radnje', 7),
(1257, NULL, 'Pregled kupona', '2017-06-15 15:24:04', 'Ostale radnje', 7),
(1258, NULL, 'Odjava', '2017-06-15 15:25:00', 'Prijava i odjava', 7),
(1259, NULL, 'Uspješna prijava', '2017-06-15 15:25:40', 'Prijava i odjava', 7),
(1260, NULL, 'Odjava', '2017-06-15 15:25:55', 'Prijava i odjava', 25),
(1261, NULL, 'Uspješna prijava', '2017-06-15 15:26:08', 'Prijava i odjava', 2),
(1262, NULL, 'Uspješna prijava', '2017-06-15 15:27:29', 'Prijava i odjava', 25),
(1263, NULL, 'Odjava', '2017-06-15 15:28:29', 'Prijava i odjava', 25),
(1264, NULL, 'Pregled programa', '2017-06-15 15:28:42', 'Ostale radnje', 2),
(1265, NULL, 'Pregled programa', '2017-06-15 15:28:44', 'Ostale radnje', 7),
(1266, NULL, 'Pregled programa', '2017-06-15 15:29:29', 'Ostale radnje', 7),
(1267, NULL, 'Pregled programa', '2017-06-15 15:30:00', 'Ostale radnje', 1),
(1268, 'INSERT INTO program VALUES (NULL, "Jako dobar program", "U ovom terminu se izvode jako dobre vjezbe, i nikako nije naporno.", 1, 2018, 0, 30, "DA", 44, 34);', NULL, '2017-06-15 15:30:20', 'Rad s bazom', 7),
(1269, NULL, 'Pregled programa', '2017-06-15 15:30:41', 'Ostale radnje', 1),
(1270, NULL, 'Definiranje kupona', '2017-06-15 15:31:57', 'Ostale radnje', 7),
(1271, NULL, 'Odjava', '2017-06-15 15:34:06', 'Prijava i odjava', 2),
(1272, NULL, 'Uspješna prijava', '2017-06-15 15:34:14', 'Prijava i odjava', 25),
(1273, NULL, 'Pregled programa', '2017-06-15 15:34:17', 'Ostale radnje', 25),
(1274, NULL, 'Upis u program', '2017-06-15 15:34:23', 'Ostale radnje', 25),
(1275, NULL, 'Pregled programa', '2017-06-15 15:34:24', 'Ostale radnje', 25),
(1276, NULL, 'Pregled programa', '2017-06-15 15:37:15', 'Ostale radnje', 25),
(1277, NULL, 'Pregled bodova', '2017-06-15 15:37:36', 'Ostale radnje', 25),
(1278, NULL, 'Odjava', '2017-06-15 15:37:46', 'Prijava i odjava', 25),
(1279, NULL, 'Pregled programa', '2017-06-15 15:38:00', 'Ostale radnje', 1),
(1280, NULL, 'Upis u program', '2017-06-15 15:38:05', 'Ostale radnje', 1),
(1281, NULL, 'Pregled programa', '2017-06-15 15:38:05', 'Ostale radnje', 1),
(1282, NULL, 'Zabrana korisniku', '2017-06-15 15:39:41', 'Ostale radnje', 7),
(1283, NULL, 'Ispisivanje polaznika', '2017-06-15 15:40:08', 'Ostale radnje', 7),
(1284, NULL, 'Odjava', '2017-06-15 15:43:54', 'Prijava i odjava', 7),
(1285, NULL, 'Uspješna prijava', '2017-06-15 15:44:16', 'Prijava i odjava', 7),
(1286, NULL, 'Odjava', '2017-06-15 15:44:30', 'Prijava i odjava', 7),
(1287, NULL, 'Registracija', '2017-06-15 15:46:01', 'Ostale radnje', 29),
(1288, NULL, 'Uspješna prijava', '2017-06-16 01:46:54', 'Prijava i odjava', 1),
(1289, NULL, 'Aktivacija računa', '2017-06-16 01:47:26', 'Ostale radnje', 29),
(1290, NULL, 'Uspješna prijava', '2017-06-16 01:47:40', 'Prijava i odjava', 29),
(1291, NULL, 'Pregled bodova', '2017-06-16 01:47:47', 'Ostale radnje', 29),
(1292, NULL, 'Pregled kupona', '2017-06-16 01:48:13', 'Ostale radnje', 29),
(1293, NULL, 'Pregled kupona', '2017-06-16 01:49:58', 'Ostale radnje', 29),
(1294, NULL, 'Pregled kupona', '2017-06-16 01:49:59', 'Ostale radnje', 29),
(1295, NULL, 'Pregled programa', '2017-06-16 01:50:02', 'Ostale radnje', 29),
(1296, NULL, 'Upis u program', '2017-06-16 01:50:06', 'Ostale radnje', 29),
(1297, NULL, 'Pregled kupona', '2017-06-16 01:50:07', 'Ostale radnje', 29),
(1298, NULL, 'Pregled kupona', '2017-06-16 01:50:11', 'Ostale radnje', 29),
(1299, NULL, 'Pregled programa', '2017-06-16 01:50:15', 'Ostale radnje', 29),
(1300, NULL, 'Upis u program', '2017-06-16 01:50:23', 'Ostale radnje', 29),
(1301, NULL, 'Pregled kupona', '2017-06-16 01:50:24', 'Ostale radnje', 29),
(1302, NULL, 'Pregled programa', '2017-06-16 01:50:27', 'Ostale radnje', 1),
(1303, NULL, 'Pregled programa', '2017-06-16 01:50:28', 'Ostale radnje', 29),
(1304, NULL, 'Pregled programa', '2017-06-16 01:50:33', 'Ostale radnje', 29),
(1305, NULL, 'Upis u program', '2017-06-16 01:50:54', 'Ostale radnje', 29),
(1306, NULL, 'Pregled kupona', '2017-06-16 01:50:55', 'Ostale radnje', 29),
(1307, NULL, 'Pregled kupona', '2017-06-16 01:51:02', 'Ostale radnje', 29),
(1308, NULL, 'Pregled programa', '2017-06-16 01:51:23', 'Ostale radnje', 29),
(1309, NULL, 'Pregled kupona', '2017-06-16 01:51:24', 'Ostale radnje', 29),
(1310, NULL, 'Pregled programa', '2017-06-15 15:52:12', 'Ostale radnje', 29),
(1311, NULL, 'Pregled programa', '2017-06-15 15:52:13', 'Ostale radnje', 1),
(1312, NULL, 'Pregled kupona', '2017-06-15 15:52:13', 'Ostale radnje', 29),
(1313, NULL, 'Odjava', '2017-06-15 15:52:19', 'Prijava i odjava', 29),
(1314, NULL, 'Uspješna prijava', '2017-06-15 15:52:24', 'Prijava i odjava', 29),
(1315, NULL, 'Pregled programa', '2017-06-15 15:52:28', 'Ostale radnje', 29),
(1316, NULL, 'Upis u program', '2017-06-15 15:52:34', 'Ostale radnje', 29),
(1317, NULL, 'Pregled kupona', '2017-06-15 15:52:35', 'Ostale radnje', 29),
(1318, NULL, 'Pregled bodova', '2017-06-15 15:52:49', 'Ostale radnje', 29),
(1319, NULL, 'Pregled bodova', '2017-06-15 15:53:00', 'Ostale radnje', 29),
(1320, NULL, 'Pregled programa', '2017-06-15 15:53:00', 'Ostale radnje', 29),
(1321, NULL, 'Pregled kupona', '2017-06-15 15:53:01', 'Ostale radnje', 29),
(1322, NULL, 'Pregled programa', '2017-06-15 15:53:26', 'Ostale radnje', 29),
(1323, NULL, 'Pregled programa', '2017-06-15 15:53:36', 'Ostale radnje', 29),
(1324, NULL, 'Pregled kupona', '2017-06-15 15:53:37', 'Ostale radnje', 29),
(1325, NULL, 'Odjava', '2017-06-15 15:53:53', 'Prijava i odjava', 29),
(1326, NULL, 'Uspješna prijava', '2017-06-15 15:53:54', 'Prijava i odjava', 25),
(1327, NULL, 'Uspješna prijava', '2017-06-15 15:53:57', 'Prijava i odjava', 29),
(1328, NULL, 'Pregled kupona', '2017-06-15 15:54:01', 'Ostale radnje', 25),
(1329, NULL, 'Pregled programa', '2017-06-15 15:54:02', 'Ostale radnje', 29),
(1330, NULL, 'Upis u program', '2017-06-15 15:54:07', 'Ostale radnje', 29),
(1331, NULL, 'Pregled programa', '2017-06-15 15:54:08', 'Ostale radnje', 29),
(1332, NULL, 'Upis u program', '2017-06-15 15:54:12', 'Ostale radnje', 29),
(1333, NULL, 'Pregled programa', '2017-06-15 15:54:13', 'Ostale radnje', 29),
(1334, NULL, 'Upis u program', '2017-06-15 15:54:17', 'Ostale radnje', 29),
(1335, NULL, 'Pregled programa', '2017-06-15 15:54:18', 'Ostale radnje', 29),
(1336, NULL, 'Upis u program', '2017-06-15 15:54:22', 'Ostale radnje', 29),
(1337, NULL, 'Pregled programa', '2017-06-15 15:54:22', 'Ostale radnje', 29),
(1338, NULL, 'Pregled kupona', '2017-06-15 15:54:23', 'Ostale radnje', 29),
(1339, NULL, 'Pregled kupona', '2017-06-15 15:54:54', 'Ostale radnje', 29),
(1340, NULL, 'Pregled bodova', '2017-06-15 15:55:53', 'Ostale radnje', 29),
(1341, NULL, 'Pregled kupona', '2017-06-15 15:55:58', 'Ostale radnje', 29),
(1342, NULL, 'Pregled kupona', '2017-06-15 15:56:23', 'Ostale radnje', 29),
(1343, NULL, 'Pregled kupona', '2017-06-15 15:56:24', 'Ostale radnje', 29),
(1344, NULL, 'Odjava', '2017-06-15 16:09:14', 'Prijava i odjava', 1),
(1345, NULL, 'Odjava', '2017-06-15 16:14:18', 'Prijava i odjava', 25),
(1346, NULL, 'Uspješna prijava', '2017-06-15 17:08:35', 'Prijava i odjava', 25),
(1347, NULL, 'Pregled kupona', '2017-06-15 17:08:38', 'Ostale radnje', 25),
(1348, NULL, 'Pregled kupona', '2017-06-15 17:08:53', 'Ostale radnje', 25),
(1349, NULL, 'Pregled kupona', '2017-06-15 17:09:14', 'Ostale radnje', 25),
(1350, NULL, 'Pregled kupona', '2017-06-15 17:09:28', 'Ostale radnje', 25),
(1351, NULL, 'Pregled kupona', '2017-06-15 17:12:14', 'Ostale radnje', 25),
(1352, NULL, 'Pregled kupona', '2017-06-15 17:12:29', 'Ostale radnje', 25),
(1353, NULL, 'Kupnja kupona', '2017-06-15 17:12:53', 'Ostale radje', 25),
(1354, NULL, 'Pregled kupona', '2017-06-15 17:13:01', 'Ostale radnje', 25),
(1355, NULL, 'Pregled kupona', '2017-06-15 17:14:29', 'Ostale radnje', 25),
(1356, NULL, 'Pregled kupona', '2017-06-15 17:14:42', 'Ostale radnje', 25),
(1357, NULL, 'Odjava', '2017-06-15 17:27:58', 'Prijava i odjava', 25),
(1358, NULL, 'Uspješna prijava', '2017-06-15 17:28:06', 'Prijava i odjava', 1),
(1359, NULL, 'Odjava', '2017-06-15 18:05:46', 'Prijava i odjava', 1),
(1360, NULL, 'Uspješna prijava', '2017-06-15 18:05:51', 'Prijava i odjava', 25),
(1361, NULL, 'Pregled programa', '2017-06-15 18:05:59', 'Ostale radnje', 25),
(1362, 'INSERT INTO program VALUES (NULL, "Ana lazar", "Ana lazar program.", 7, 2017, 0, 10, "DA", 4, 39);', NULL, '2017-06-15 18:06:13', 'Rad s bazom', 25),
(1363, NULL, 'Odjava', '2017-06-15 18:06:28', 'Prijava i odjava', 25),
(1364, NULL, 'Uspješna prijava', '2017-06-15 18:06:35', 'Prijava i odjava', 1),
(1365, NULL, 'Odjava', '2017-06-15 18:10:17', 'Prijava i odjava', 1),
(1366, NULL, 'Uspješna prijava', '2017-06-15 18:31:20', 'Prijava i odjava', 25),
(1367, NULL, 'Odjava', '2017-06-15 18:49:05', 'Prijava i odjava', 25),
(1368, NULL, 'Uspješna prijava', '2017-06-15 20:56:01', 'Prijava i odjava', 1),
(1369, NULL, 'Pregled programa', '2017-06-15 21:17:14', 'Ostale radnje', 1),
(1370, NULL, 'Pregled programa', '2017-06-15 21:17:43', 'Ostale radnje', 1),
(1371, NULL, 'Pregled programa', '2017-06-15 21:18:03', 'Ostale radnje', 1),
(1372, NULL, 'Pregled bodova', '2017-06-15 21:18:15', 'Ostale radnje', 1),
(1373, NULL, 'Pregled bodova', '2017-06-15 21:18:25', 'Ostale radnje', 1),
(1374, NULL, 'Pregled bodova', '2017-06-15 21:18:41', 'Ostale radnje', 1),
(1375, NULL, 'Pregled bodova', '2017-06-15 21:28:12', 'Ostale radnje', 1),
(1376, NULL, 'Pregled programa', '2017-06-15 21:30:37', 'Ostale radnje', 1),
(1377, NULL, 'Pregled programa', '2017-06-15 21:33:22', 'Ostale radnje', 1),
(1378, NULL, 'Deaktiviranje kupona', '2017-06-15 21:35:03', 'Ostale radnje', 1),
(1379, NULL, 'Definiranje kupona', '2017-06-15 21:35:36', 'Ostale radnje', 1),
(1380, NULL, 'Pregled programa', '2017-06-15 21:35:42', 'Ostale radnje', 1),
(1381, NULL, 'Pregled programa', '2017-06-15 21:36:02', 'Ostale radnje', 1),
(1382, NULL, 'Pregled programa', '2017-06-15 21:36:10', 'Ostale radnje', 1),
(1383, NULL, 'Ispisivanje polaznika', '2017-06-15 21:37:24', 'Ostale radnje', 1),
(1384, NULL, 'Ispisivanje polaznika', '2017-06-15 21:37:28', 'Ostale radnje', 1),
(1385, NULL, 'Ispisivanje polaznika', '2017-06-15 21:37:33', 'Ostale radnje', 1),
(1386, NULL, 'Ispisivanje polaznika', '2017-06-15 21:37:35', 'Ostale radnje', 1),
(1387, NULL, 'Ispisivanje polaznika', '2017-06-15 21:37:38', 'Ostale radnje', 1),
(1388, NULL, 'Ispisivanje polaznika', '2017-06-15 21:37:40', 'Ostale radnje', 1),
(1389, NULL, 'Ispisivanje polaznika', '2017-06-15 21:44:32', 'Ostale radnje', 1),
(1390, NULL, 'Zabrana korisniku', '2017-06-15 21:44:35', 'Ostale radnje', 1),
(1391, NULL, 'Zabrana korisniku', '2017-06-15 21:44:36', 'Ostale radnje', 1),
(1392, NULL, 'Zabrana korisniku', '2017-06-15 21:44:37', 'Ostale radnje', 1),
(1393, NULL, 'Zabrana korisniku', '2017-06-15 21:44:39', 'Ostale radnje', 1),
(1394, NULL, 'Zabrana korisniku', '2017-06-15 21:44:40', 'Ostale radnje', 1),
(1395, NULL, 'Zabrana korisniku', '2017-06-15 21:44:41', 'Ostale radnje', 1),
(1396, NULL, 'Ispisivanje polaznika', '2017-06-15 21:44:54', 'Ostale radnje', 1),
(1397, NULL, 'Ispisivanje polaznika', '2017-06-15 21:44:57', 'Ostale radnje', 1),
(1398, NULL, 'Ispisivanje polaznika', '2017-06-15 21:44:59', 'Ostale radnje', 1),
(1399, NULL, 'Ispisivanje polaznika', '2017-06-15 21:45:02', 'Ostale radnje', 1),
(1400, NULL, 'Ispisivanje polaznika', '2017-06-15 21:45:57', 'Ostale radnje', 1),
(1401, NULL, 'Ispisivanje polaznika', '2017-06-15 21:46:02', 'Ostale radnje', 1),
(1402, NULL, 'Pregled programa', '2017-06-15 21:46:17', 'Ostale radnje', 1),
(1403, NULL, 'Pregled programa', '2017-06-15 21:46:45', 'Ostale radnje', 1),
(1404, NULL, 'Pregled programa', '2017-06-15 21:46:49', 'Ostale radnje', 1),
(1405, NULL, 'Promjena profila', '2017-06-15 22:02:50', 'Ostale radnje', 1),
(1406, NULL, 'Pregled programa', '2017-06-15 22:02:57', 'Ostale radnje', 1),
(1407, NULL, 'Promjena profila', '2017-06-15 22:13:48', 'Ostale radnje', 1),
(1408, NULL, 'Odjava', '2017-06-15 22:13:51', 'Prijava i odjava', 1),
(1409, NULL, 'Uspješna prijava', '2017-06-15 22:14:02', 'Prijava i odjava', 2),
(1410, NULL, 'Pregled programa', '2017-06-15 22:17:16', 'Ostale radnje', 2),
(1411, NULL, 'Pregled programa', '2017-06-15 22:17:48', 'Ostale radnje', 2),
(1412, NULL, 'Pregled programa', '2017-06-15 22:18:05', 'Ostale radnje', 2),
(1413, NULL, 'Pregled programa', '2017-06-15 22:18:08', 'Ostale radnje', 2),
(1414, NULL, 'Pregled programa', '2017-06-15 22:18:16', 'Ostale radnje', 2),
(1415, NULL, 'Pregled programa', '2017-06-15 22:18:25', 'Ostale radnje', 2),
(1416, NULL, 'Ispisivanje polaznika', '2017-06-15 22:25:21', 'Ostale radnje', 2),
(1417, NULL, 'Ispisivanje polaznika', '2017-06-15 22:27:16', 'Ostale radnje', 2),
(1418, NULL, 'Ispisivanje polaznika', '2017-06-15 22:28:40', 'Ostale radnje', 2),
(1419, NULL, 'Zabrana korisniku', '2017-06-15 22:28:52', 'Ostale radnje', 2),
(1420, NULL, 'Zabrana korisniku', '2017-06-15 22:28:58', 'Ostale radnje', 2),
(1421, NULL, 'Zabrana korisniku', '2017-06-15 22:29:04', 'Ostale radnje', 2),
(1422, NULL, 'Zabrana korisniku', '2017-06-15 22:29:23', 'Ostale radnje', 2),
(1423, NULL, 'Zabrana korisniku', '2017-06-15 22:29:25', 'Ostale radnje', 2),
(1424, NULL, 'Promjena profila', '2017-06-15 22:29:50', 'Ostale radnje', 2),
(1425, NULL, 'Odjava', '2017-06-15 22:29:55', 'Prijava i odjava', 2),
(1426, NULL, 'Uspješna prijava', '2017-06-15 22:30:01', 'Prijava i odjava', 25),
(1427, NULL, 'Pregled programa', '2017-06-15 22:30:03', 'Ostale radnje', 25),
(1428, NULL, 'Pregled kupona', '2017-06-15 22:30:22', 'Ostale radnje', 25),
(1429, NULL, 'Uspješna prijava', '2017-06-15 22:32:46', 'Prijava i odjava', 2),
(1430, NULL, 'Deaktiviranje kupona', '2017-06-15 22:33:00', 'Ostale radnje', 2),
(1431, NULL, 'Definiranje kupona', '2017-06-15 22:33:34', 'Ostale radnje', 2),
(1432, NULL, 'Pregled kupona', '2017-06-15 22:33:37', 'Ostale radnje', 25),
(1433, NULL, 'Pregled kupona', '2017-06-15 22:34:39', 'Ostale radnje', 25),
(1434, NULL, 'Odjava', '2017-06-15 22:35:21', 'Prijava i odjava', 2),
(1435, NULL, 'Pregled programa', '2017-06-15 22:35:25', 'Ostale radnje', 25),
(1436, NULL, 'Pregled bodova', '2017-06-15 22:35:34', 'Ostale radnje', 25),
(1437, NULL, 'Pregled kupona', '2017-06-15 22:37:17', 'Ostale radnje', 25),
(1438, NULL, 'Pregled programa', '2017-06-15 22:49:12', 'Ostale radnje', 25),
(1439, NULL, 'Pregled kupona', '2017-06-15 22:49:13', 'Ostale radnje', 25),
(1440, NULL, 'Pregled bodova', '2017-06-15 22:49:16', 'Ostale radnje', 25),
(1441, NULL, 'Odjava', '2017-06-15 23:01:31', 'Prijava i odjava', 25),
(1442, NULL, 'Uspješna prijava', '2017-06-15 23:01:37', 'Prijava i odjava', 1),
(1443, NULL, 'Promjena profila', '2017-06-15 23:03:08', 'Ostale radnje', 1),
(1444, NULL, 'Odjava', '2017-06-15 23:03:21', 'Prijava i odjava', 1),
(1445, NULL, 'Neuspješna prijava', '2017-06-15 23:03:40', 'Prijava i odjava', 1),
(1446, NULL, 'Neuspješna prijava', '2017-06-15 23:03:43', 'Prijava i odjava', 1),
(1447, NULL, 'Uspješna prijava', '2017-06-15 23:09:34', 'Prijava i odjava', 1),
(1448, NULL, 'Promjena profila', '2017-06-15 23:09:39', 'Ostale radnje', 1),
(1449, NULL, 'Odjava', '2017-06-15 23:09:41', 'Prijava i odjava', 1),
(1450, NULL, 'Neuspješna prijava', '2017-06-15 23:09:48', 'Prijava i odjava', 1),
(1451, NULL, 'Neuspješna prijava', '2017-06-15 23:09:52', 'Prijava i odjava', 1),
(1452, NULL, 'Uspješna prijava', '2017-06-15 23:09:55', 'Prijava i odjava', 1),
(1453, NULL, 'Promjena profila', '2017-06-15 23:10:03', 'Ostale radnje', 1),
(1454, NULL, 'Odjava', '2017-06-15 23:10:04', 'Prijava i odjava', 1),
(1455, NULL, 'Neuspješna prijava', '2017-06-15 23:10:09', 'Prijava i odjava', 1),
(1456, NULL, 'Uspješna prijava', '2017-06-15 23:11:52', 'Prijava i odjava', 1),
(1457, NULL, 'Odjava', '2017-06-15 23:11:54', 'Prijava i odjava', 1),
(1458, NULL, 'Generiranje lozinke', '2017-06-15 23:12:02', 'Ostale radnje', 1),
(1459, NULL, 'Uspješna prijava', '2017-06-15 23:12:36', 'Prijava i odjava', 1),
(1460, NULL, 'Promjena lozinke', '2017-06-15 23:13:04', 'Ostale radnje', 1),
(1461, NULL, 'Odjava', '2017-06-15 23:13:09', 'Prijava i odjava', 1),
(1462, NULL, 'Neuspješna prijava', '2017-06-15 23:13:12', 'Prijava i odjava', 1),
(1463, NULL, 'Neuspješna prijava', '2017-06-15 23:13:16', 'Prijava i odjava', 1),
(1464, NULL, 'Uspješna prijava', '2017-06-15 23:13:39', 'Prijava i odjava', 1),
(1465, NULL, 'Odjava', '2017-06-15 23:13:58', 'Prijava i odjava', 1),
(1466, NULL, 'Registracija', '2017-06-15 23:16:21', 'Ostale radnje', 30),
(1467, NULL, 'Aktivacija računa', '2017-06-15 23:16:35', 'Ostale radnje', 30),
(1468, NULL, 'Uspješna prijava', '2017-06-15 23:17:54', 'Prijava i odjava', 30),
(1469, NULL, 'Pregled bodova', '2017-06-15 23:17:56', 'Ostale radnje', 30),
(1470, NULL, 'Odjava', '2017-06-15 23:18:03', 'Prijava i odjava', 30),
(1471, NULL, 'Uspješna prijava', '2017-06-15 23:18:26', 'Prijava i odjava', 1),
(1472, NULL, 'Odjava', '2017-06-15 23:19:13', 'Prijava i odjava', 1),
(1473, NULL, 'Uspješna prijava', '2017-06-15 23:25:12', 'Prijava i odjava', 1),
(1474, NULL, 'Promjena profila', '2017-06-15 23:25:16', 'Ostale radnje', 1),
(1475, NULL, 'Odjava', '2017-06-15 23:26:04', 'Prijava i odjava', 1),
(1476, NULL, 'Uspješna prijava', '2017-06-15 23:27:56', 'Prijava i odjava', 2),
(1477, NULL, 'Pregled programa', '2017-06-15 23:28:13', 'Ostale radnje', 2);

-- --------------------------------------------------------

--
-- Table structure for table `evidencija`
--

CREATE TABLE IF NOT EXISTS `evidencija` (
  `id_termin` int(11) NOT NULL,
  `id_polaznik` int(11) NOT NULL,
  `prisutan` char(2) NOT NULL,
  `datum` date NOT NULL,
  `opis` text,
  KEY `fk_termin_has_polaznik_polaznik1_idx` (`id_polaznik`),
  KEY `fk_termin_has_polaznik_termin1_idx` (`id_termin`)
) ENGINE=InnoDB DEFAULT CHARSET=utf8;

--
-- Dumping data for table `evidencija`
--

INSERT INTO `evidencija` (`id_termin`, `id_polaznik`, `prisutan`, `datum`, `opis`) VALUES
(1, 1, 'DA', '2017-03-07', 'Polaznik je bio prisutan'),
(1, 2, 'DA', '2017-03-07', 'Polaznik je bio prisutan'),
(1, 3, 'DA', '2017-03-07', 'Polaznik je bio prisutan'),
(1, 4, 'DA', '2017-03-07', 'Polaznik je bio prisutan'),
(1, 5, 'DA', '2017-03-07', 'Polaznik je bio prisutan'),
(1, 6, 'DA', '2017-03-07', 'Polaznik je bio prisutan'),
(1, 1, 'DA', '2017-03-14', 'Polaznik je bio prisutan'),
(1, 2, 'NE', '2017-03-14', 'Polaznik nije bio prisutan'),
(1, 3, 'DA', '2017-03-14', 'Polaznik je bio prisutan'),
(1, 4, 'DA', '2017-03-14', 'Polaznik je bio prisutan'),
(1, 5, 'DA', '2017-03-14', 'Polaznik je bio prisutan'),
(1, 6, 'DA', '2017-03-14', 'Polaznik je bio prisutan'),
(1, 1, 'DA', '2017-03-21', 'Polaznik je bio prisutan'),
(1, 2, 'DA', '2017-03-21', 'Polaznik je bio prisutan'),
(1, 3, 'DA', '2017-03-21', 'Polaznik je bio prisutan'),
(1, 4, 'DA', '2017-03-21', 'Polaznik je bio prisutan'),
(1, 5, 'DA', '2017-03-21', 'Polaznik je bio prisutan'),
(1, 6, 'DA', '2017-03-21', 'Polaznik je bio prisutan'),
(1, 1, 'DA', '2017-03-28', 'Polaznik je bio prisutan'),
(1, 2, 'DA', '2017-03-28', 'Polaznik je bio prisutan'),
(1, 3, 'DA', '2017-03-28', 'Polaznik je bio prisutan'),
(1, 4, 'DA', '2017-03-28', 'Polaznik je bio prisutan'),
(1, 5, 'DA', '2017-03-28', 'Polaznik je bio prisutan'),
(1, 6, 'DA', '2017-03-28', 'Polaznik je bio prisutan'),
(2, 1, 'DA', '2017-03-02', 'Polaznik je bio prisutan'),
(2, 2, 'DA', '2017-03-02', 'Polaznik je bio prisutan'),
(2, 3, 'DA', '2017-03-02', 'Polaznik je bio prisutan'),
(2, 4, 'DA', '2017-03-02', 'Polaznik je bio prisutan'),
(2, 5, 'DA', '2017-03-02', 'Polaznik je bio prisutan'),
(2, 6, 'DA', '2017-03-02', 'Polaznik je bio prisutan'),
(2, 1, 'DA', '2017-03-09', 'Polaznik je bio prisutan'),
(2, 2, 'DA', '2017-03-09', 'Polaznik je bio prisutan'),
(2, 3, 'NE', '2017-03-09', 'Polaznik nije bio prisutan'),
(2, 4, 'DA', '2017-03-09', 'Polaznik je bio prisutan'),
(2, 5, 'DA', '2017-03-09', 'Polaznik je bio prisutan'),
(2, 6, 'DA', '2017-03-09', 'Polaznik je bio prisutan'),
(2, 1, 'DA', '2017-03-16', 'Polaznik je bio prisutan'),
(2, 2, 'DA', '2017-03-16', 'Polaznik je bio prisutan'),
(2, 3, 'DA', '2017-03-16', 'Polaznik je bio prisutan'),
(2, 4, 'DA', '2017-03-16', 'Polaznik je bio prisutan'),
(2, 5, 'DA', '2017-03-16', 'Polaznik je bio prisutan'),
(2, 6, 'DA', '2017-03-16', 'Polaznik je bio prisutan'),
(2, 1, 'DA', '2017-03-23', 'Polaznik je bio prisutan'),
(2, 2, 'DA', '2017-03-23', 'Polaznik je bio prisutan'),
(2, 3, 'DA', '2017-03-23', 'Polaznik je bio prisutan'),
(2, 4, 'DA', '2017-03-23', 'Polaznik je bio prisutan'),
(2, 5, 'DA', '2017-03-23', 'Polaznik je bio prisutan'),
(2, 6, 'DA', '2017-03-23', 'Polaznik je bio prisutan'),
(2, 1, 'DA', '2017-03-30', 'Polaznik je bio prisutan'),
(2, 2, 'DA', '2017-03-30', 'Polaznik je bio prisutan'),
(2, 3, 'DA', '2017-03-30', 'Polaznik je bio prisutan'),
(2, 4, 'DA', '2017-03-30', 'Polaznik je bio prisutan'),
(2, 5, 'DA', '2017-03-30', 'Polaznik je bio prisutan'),
(2, 6, 'DA', '2017-03-30', 'Polaznik je bio prisutan'),
(3, 19, 'DA', '2017-03-07', 'Polaznik je bio prisutan'),
(3, 20, 'DA', '2017-03-07', 'Polaznik je bio prisutan'),
(3, 21, 'DA', '2017-03-07', 'Polaznik je bio prisutan'),
(3, 22, 'DA', '2017-03-07', 'Polaznik je bio prisutan'),
(3, 23, 'DA', '2017-03-07', 'Polaznik je bio prisutan'),
(3, 24, 'DA', '2017-03-07', 'Polaznik je bio prisutan'),
(3, 19, 'DA', '2017-03-14', 'Polaznik je bio prisutan'),
(3, 20, 'DA', '2017-03-14', 'Polaznik je bio prisutan'),
(3, 21, 'NE', '2017-03-14', 'Polaznik nije bio prisutan'),
(3, 22, 'DA', '2017-03-14', 'Polaznik je bio prisutan'),
(3, 23, 'DA', '2017-03-14', 'Polaznik je bio prisutan'),
(3, 24, 'DA', '2017-03-14', 'Polaznik je bio prisutan'),
(3, 19, 'DA', '2017-03-21', 'Polaznik je bio prisutan'),
(3, 20, 'DA', '2017-03-21', 'Polaznik je bio prisutan'),
(3, 21, 'DA', '2017-03-21', 'Polaznik je bio prisutan'),
(3, 22, 'DA', '2017-03-21', 'Polaznik je bio prisutan'),
(3, 23, 'DA', '2017-03-21', 'Polaznik je bio prisutan'),
(3, 24, 'DA', '2017-03-21', 'Polaznik je bio prisutan'),
(3, 19, 'DA', '2017-03-28', 'Polaznik je bio prisutan'),
(3, 20, 'DA', '2017-03-28', 'Polaznik je bio prisutan'),
(3, 21, 'DA', '2017-03-28', 'Polaznik je bio prisutan'),
(3, 22, 'DA', '2017-03-28', 'Polaznik je bio prisutan'),
(3, 23, 'DA', '2017-03-28', 'Polaznik je bio prisutan'),
(3, 24, 'DA', '2017-03-28', 'Polaznik je bio prisutan'),
(4, 19, 'DA', '2017-03-03', 'Polaznik je bio prisutan'),
(4, 20, 'DA', '2017-03-03', 'Polaznik je bio prisutan'),
(4, 21, 'DA', '2017-03-03', 'Polaznik je bio prisutan'),
(4, 22, 'DA', '2017-03-03', 'Polaznik je bio prisutan'),
(4, 23, 'DA', '2017-03-03', 'Polaznik je bio prisutan'),
(4, 24, 'NE', '2017-03-03', 'Polaznik nije bio prisutan'),
(4, 19, 'DA', '2017-03-10', 'Polaznik je bio prisutan'),
(4, 20, 'DA', '2017-03-10', 'Polaznik je bio prisutan'),
(4, 21, 'DA', '2017-03-10', 'Polaznik je bio prisutan'),
(4, 22, 'DA', '2017-03-10', 'Polaznik je bio prisutan'),
(4, 23, 'DA', '2017-03-10', 'Polaznik je bio prisutan'),
(4, 24, 'DA', '2017-03-10', 'Polaznik je bio prisutan'),
(4, 19, 'DA', '2017-03-17', 'Polaznik je bio prisutan'),
(4, 20, 'DA', '2017-03-17', 'Polaznik je bio prisutan'),
(4, 21, 'DA', '2017-03-17', 'Polaznik je bio prisutan'),
(4, 22, 'DA', '2017-03-17', 'Polaznik je bio prisutan'),
(4, 23, 'DA', '2017-03-17', 'Polaznik je bio prisutan'),
(4, 24, 'DA', '2017-03-17', 'Polaznik je bio prisutan'),
(4, 19, 'DA', '2017-03-24', 'Polaznik je bio prisutan'),
(4, 20, 'DA', '2017-03-24', 'Polaznik je bio prisutan'),
(4, 21, 'DA', '2017-03-24', 'Polaznik je bio prisutan'),
(4, 22, 'DA', '2017-03-24', 'Polaznik je bio prisutan'),
(4, 23, 'NE', '2017-03-24', 'Polaznik nije bio prisutan'),
(4, 24, 'DA', '2017-03-24', 'Polaznik je bio prisutan'),
(4, 19, 'DA', '2017-03-31', 'Polaznik je bio prisutan'),
(4, 20, 'DA', '2017-03-31', 'Polaznik je bio prisutan'),
(4, 21, 'DA', '2017-03-31', 'Polaznik je bio prisutan'),
(4, 22, 'DA', '2017-03-31', 'Polaznik je bio prisutan'),
(4, 23, 'DA', '2017-03-31', 'Polaznik je bio prisutan'),
(4, 24, 'DA', '2017-03-31', 'Polaznik je bio prisutan'),
(37, 66, 'DA', '0000-00-00', 'Opis napretka'),
(37, 67, 'DA', '0000-00-00', 'Opis napretka'),
(37, 68, 'NE', '0000-00-00', 'Opis napretka'),
(37, 69, 'DA', '0000-00-00', 'Opis napretka'),
(37, 70, 'DA', '0000-00-00', 'Opis napretka'),
(36, 66, 'DA', '0000-00-00', 'Opis napretka'),
(36, 67, 'DA', '0000-00-00', 'Opis napretka'),
(36, 68, 'DA', '0000-00-00', 'Opis napretka'),
(36, 69, 'DA', '0000-00-00', 'Opis napretka'),
(36, 70, 'DA', '0000-00-00', 'Opis napretka'),
(35, 66, 'DA', '0000-00-00', 'Opis napretka'),
(35, 67, 'DA', '0000-00-00', 'Opis napretka'),
(35, 68, 'DA', '0000-00-00', 'Opis napretka'),
(35, 69, 'NE', '0000-00-00', 'Opis napretka'),
(35, 70, 'DA', '0000-00-00', 'Opis napretka'),
(30, 66, 'DA', '0000-00-00', 'Opis napretka'),
(30, 67, 'DA', '0000-00-00', 'Opis napretka'),
(30, 68, 'DA', '0000-00-00', 'Opis napretka'),
(30, 69, 'DA', '0000-00-00', 'Opis napretka'),
(30, 70, 'DA', '0000-00-00', 'Opis napretka'),
(29, 66, 'NE', '0000-00-00', 'Opis napretka'),
(29, 67, 'DA', '0000-00-00', 'Opis napretka'),
(29, 68, 'DA', '0000-00-00', 'Opis napretka'),
(29, 69, 'DA', '0000-00-00', 'Opis napretka'),
(29, 70, 'DA', '0000-00-00', 'Opis napretka'),
(28, 66, 'DA', '0000-00-00', 'Opis napretka'),
(28, 67, 'NE', '0000-00-00', 'Opis napretka'),
(28, 68, 'DA', '0000-00-00', 'Opis napretka'),
(28, 69, 'DA', '0000-00-00', 'Opis napretka'),
(28, 70, 'DA', '0000-00-00', 'Opis napretka'),
(31, 71, 'DA', '0000-00-00', 'Opis napretka'),
(31, 72, 'DA', '0000-00-00', 'Opis napretka'),
(31, 73, 'DA', '0000-00-00', 'Opis napretka'),
(31, 74, 'DA', '0000-00-00', 'Opis napretka'),
(31, 75, 'DA', '0000-00-00', 'Opis napretka'),
(34, 71, 'DA', '0000-00-00', 'Opis napretka'),
(34, 72, 'DA', '0000-00-00', 'Opis napretka'),
(34, 73, 'NE', '0000-00-00', 'Opis napretka'),
(34, 74, 'DA', '0000-00-00', 'Opis napretka'),
(34, 75, 'DA', '0000-00-00', 'Opis napretka'),
(23, 71, 'NE', '0000-00-00', 'Opis napretka'),
(23, 72, 'DA', '0000-00-00', 'Opis napretka'),
(23, 73, 'DA', '0000-00-00', 'Opis napretka'),
(23, 74, 'DA', '0000-00-00', 'Opis napretka'),
(23, 75, 'DA', '0000-00-00', 'Opis napretka'),
(27, 76, 'DA', '0000-00-00', 'Opis napretka'),
(27, 77, 'NE', '0000-00-00', 'Opis napretka'),
(27, 78, 'DA', '0000-00-00', 'Opis napretka'),
(27, 79, 'DA', '0000-00-00', 'Opis napretka'),
(27, 80, 'NE', '0000-00-00', 'Opis napretka'),
(39, 76, 'NE', '0000-00-00', 'Opis napretka'),
(39, 77, 'DA', '0000-00-00', 'Opis napretka'),
(39, 78, 'NE', '0000-00-00', 'Opis napretka'),
(39, 79, 'DA', '0000-00-00', 'Opis napretka'),
(39, 80, 'DA', '0000-00-00', 'Opis napretka'),
(24, 76, 'DA', '0000-00-00', 'Opis napretka'),
(24, 77, 'NE', '0000-00-00', 'Opis napretka'),
(24, 78, 'DA', '0000-00-00', 'Opis napretka'),
(24, 79, 'NE', '0000-00-00', 'Opis napretka'),
(24, 80, 'DA', '0000-00-00', 'Opis napretka'),
(25, 81, 'NE', '0000-00-00', 'Opis napretka'),
(25, 82, 'DA', '0000-00-00', 'Opis napretka'),
(25, 83, 'DA', '0000-00-00', 'Opis napretka'),
(25, 84, 'DA', '0000-00-00', 'Opis napretka'),
(25, 85, 'NE', '0000-00-00', 'Opis napretka'),
(25, 81, 'NE', '0000-00-00', 'Opis napretka'),
(25, 82, 'DA', '0000-00-00', 'Opis napretka'),
(25, 83, 'DA', '0000-00-00', 'Opis napretka'),
(25, 84, 'DA', '0000-00-00', 'Opis napretka'),
(25, 85, 'NE', '0000-00-00', 'Opis napretka'),
(33, 86, 'DA', '0000-00-00', 'Opis napretka'),
(33, 87, 'DA', '0000-00-00', 'Opis napretka'),
(33, 88, 'DA', '0000-00-00', 'Opis napretka'),
(33, 89, 'DA', '0000-00-00', 'Opis napretka'),
(33, 90, 'NE', '0000-00-00', 'Opis napretka'),
(14, 86, 'DA', '0000-00-00', 'Opis napretka'),
(14, 87, 'DA', '0000-00-00', 'Opis napretka'),
(14, 88, 'DA', '0000-00-00', 'Opis napretka'),
(14, 89, 'DA', '0000-00-00', 'Opis napretka'),
(14, 90, 'DA', '0000-00-00', 'Opis napretka'),
(33, 86, 'DA', '0000-00-00', 'Opis napretka'),
(33, 87, 'DA', '0000-00-00', 'Opis napretka'),
(33, 88, 'DA', '0000-00-00', 'Opis napretka'),
(33, 89, 'DA', '0000-00-00', 'Opis napretka'),
(33, 90, 'DA', '0000-00-00', 'Opis napretka'),
(20, 86, 'DA', '0000-00-00', 'Opis napretka'),
(20, 87, 'DA', '0000-00-00', 'Opis napretka'),
(20, 88, 'DA', '0000-00-00', 'Opis napretka'),
(20, 89, 'NE', '0000-00-00', 'Opis napretka'),
(20, 90, 'DA', '0000-00-00', 'Opis napretka'),
(33, 86, 'NE', '2017-06-12', 'Opis napretka'),
(33, 87, 'DA', '2017-06-12', 'Opis napretka'),
(33, 88, 'DA', '2017-06-12', 'Opis napretka'),
(33, 89, 'DA', '2017-06-12', 'Opis napretka'),
(33, 90, 'NE', '2017-06-12', 'Opis napretka'),
(14, 86, 'DA', '2017-06-06', 'Opis napretka'),
(14, 87, 'DA', '2017-06-06', 'Opis napretka'),
(14, 88, 'NE', '2017-06-06', 'Opis napretka'),
(14, 89, 'DA', '2017-06-06', 'Opis napretka'),
(14, 90, 'DA', '2017-06-06', 'Opis napretka'),
(33, 86, 'NE', '2017-06-12', 'Opis napretka'),
(33, 87, 'DA', '2017-06-12', 'Opis napretka'),
(33, 88, 'DA', '2017-06-12', 'Opis napretka'),
(33, 89, 'DA', '2017-06-12', 'Opis napretka'),
(33, 90, 'NE', '2017-06-12', 'Opis napretka'),
(14, 86, 'DA', '2017-06-06', 'Opis napretka'),
(14, 87, 'DA', '2017-06-06', 'Opis napretka'),
(14, 88, 'NE', '2017-06-06', 'Opis napretka'),
(14, 89, 'DA', '2017-06-06', 'Opis napretka'),
(14, 90, 'DA', '2017-06-06', 'Opis napretka');

-- --------------------------------------------------------

--
-- Table structure for table `kljuc`
--

CREATE TABLE IF NOT EXISTS `kljuc` (
  `id_kljuc` int(11) NOT NULL AUTO_INCREMENT,
  `kod` char(5) NOT NULL,
  `vrijeme` datetime NOT NULL,
  `aktivan` char(2) NOT NULL,
  `id_korisnik` int(11) NOT NULL,
  PRIMARY KEY (`id_kljuc`),
  UNIQUE KEY `kod_UNIQUE` (`kod`),
  KEY `fk_kljuc_korisnik1_idx` (`id_korisnik`)
) ENGINE=InnoDB  DEFAULT CHARSET=utf8 AUTO_INCREMENT=80 ;

--
-- Dumping data for table `kljuc`
--

INSERT INTO `kljuc` (`id_kljuc`, `kod`, `vrijeme`, `aktivan`, `id_korisnik`) VALUES
(30, '9G15D', '2017-05-25 18:43:08', 'NE', 14),
(31, '5C0MV', '2017-05-25 19:04:02', 'NE', 14),
(32, 'G16XJ', '2017-05-25 19:04:43', 'NE', 14),
(33, 'BLOR0', '2017-05-25 19:05:14', 'NE', 14),
(34, 'HIZ1K', '2017-05-25 19:05:53', 'NE', 14),
(35, 'HV4R9', '2017-05-25 19:07:07', 'NE', 14),
(36, 'I1AZT', '2017-05-25 19:08:12', 'NE', 14),
(37, 'XVQG4', '2017-05-25 19:13:32', 'NE', 14),
(38, '7ASYF', '2017-05-25 19:13:52', 'NE', 14),
(39, 'I2CNB', '2017-05-25 19:14:24', 'NE', 14),
(40, 'OHNQ5', '2017-05-25 20:05:25', 'NE', 14),
(41, 'RE74J', '2017-05-25 21:03:36', 'NE', 14),
(42, '76905', '2017-05-26 00:59:20', 'NE', 14),
(43, '0H5LE', '2017-05-26 20:35:56', 'NE', 14),
(44, '9D31Q', '2017-05-26 20:37:41', 'NE', 14),
(45, 'L0MS3', '2017-05-26 20:38:36', 'NE', 14),
(46, 'CEKSA', '2017-05-26 20:39:32', 'NE', 14),
(47, '2WI8Z', '2017-05-26 21:04:01', 'NE', 14),
(48, 'AY0QD', '2017-05-26 21:05:03', 'NE', 14),
(49, 'ZPOBU', '2017-05-26 21:09:06', 'NE', 14),
(50, 'A8JGX', '2017-05-26 21:11:05', 'NE', 14),
(51, '04L9M', '2017-05-26 21:12:15', 'NE', 14),
(52, 'XWG85', '2017-05-26 21:13:55', 'NE', 14),
(53, 'MWN9X', '2017-05-26 21:14:26', 'NE', 14),
(54, 'TA1HK', '2017-05-26 21:15:36', 'NE', 14),
(55, '37VGX', '2017-05-26 21:17:50', 'NE', 14),
(56, 'JE3U5', '2017-05-26 21:18:48', 'NE', 14),
(57, 'EPCL8', '2017-05-27 16:03:58', 'NE', 14),
(58, 'VEF6B', '2017-05-27 16:14:36', 'NE', 14),
(59, 'U46BK', '2017-05-27 16:18:12', 'NE', 14),
(60, '9OPNC', '2017-05-27 16:19:51', 'NE', 14),
(61, 'BIY9J', '2017-05-27 16:25:46', 'NE', 14),
(62, '4EUOM', '2017-05-27 17:06:44', 'NE', 7),
(63, '8COD1', '2017-05-27 17:09:32', 'NE', 9),
(64, 'JF1KI', '2017-05-27 17:10:04', 'NE', 9),
(65, 'GFN96', '2017-05-27 17:15:54', 'NE', 7),
(66, 'MJOX5', '2017-05-27 17:24:08', 'NE', 7),
(67, '0D97V', '2017-06-02 17:56:06', 'NE', 9),
(68, 'D8WOQ', '2017-06-03 17:57:50', 'NE', 25),
(69, 'LSDKP', '2017-06-03 18:04:31', 'DA', 25),
(70, 'R3OI4', '2017-06-06 16:59:53', 'NE', 9),
(71, '82D5I', '2017-06-09 14:30:22', 'NE', 9),
(72, 'FQ0RG', '2017-06-15 23:03:56', 'NE', 1),
(73, 'HDLJ0', '2017-06-15 23:09:16', 'NE', 1),
(74, 'IVSRN', '2017-06-15 23:10:21', 'NE', 1),
(75, '9JLPS', '2017-06-15 23:12:15', 'NE', 1),
(76, '3H0O4', '2017-06-15 23:13:21', 'NE', 1),
(77, '4RUFB', '2017-06-15 23:17:41', 'NE', 30),
(78, 'T4NMA', '2017-06-15 23:18:18', 'NE', 1),
(79, 'WJOB8', '2017-06-15 23:25:00', 'NE', 1);

-- --------------------------------------------------------

--
-- Table structure for table `korisnik`
--

CREATE TABLE IF NOT EXISTS `korisnik` (
  `id_korisnik` int(11) NOT NULL AUTO_INCREMENT,
  `ime` varchar(50) NOT NULL,
  `prezime` varchar(50) NOT NULL,
  `username` varchar(25) NOT NULL,
  `email` varchar(50) NOT NULL,
  `spol` char(1) NOT NULL,
  `mobitel` varchar(20) NOT NULL,
  `datrod` date NOT NULL,
  `lozinka` varchar(50) NOT NULL,
  `encrypted` varchar(100) NOT NULL,
  `dual_login` char(2) NOT NULL,
  `aktivacijski_kod` varchar(100) NOT NULL,
  `vrijeme` datetime NOT NULL,
  `krivi_login` tinyint(4) NOT NULL,
  `aktivan` char(2) NOT NULL,
  `zabranjen` char(2) NOT NULL,
  `broj_bodova` int(11) NOT NULL,
  `id_uloga` int(11) NOT NULL,
  PRIMARY KEY (`id_korisnik`),
  UNIQUE KEY `email_UNIQUE` (`email`),
  UNIQUE KEY `korime_UNIQUE` (`username`),
  UNIQUE KEY `aktivacijski_kod_UNIQUE` (`aktivacijski_kod`),
  KEY `fk_korisnik_uloga1_idx` (`id_uloga`)
) ENGINE=InnoDB  DEFAULT CHARSET=utf8 AUTO_INCREMENT=31 ;

--
-- Dumping data for table `korisnik`
--

INSERT INTO `korisnik` (`id_korisnik`, `ime`, `prezime`, `username`, `email`, `spol`, `mobitel`, `datrod`, `lozinka`, `encrypted`, `dual_login`, `aktivacijski_kod`, `vrijeme`, `krivi_login`, `aktivan`, `zabranjen`, `broj_bodova`, `id_uloga`) VALUES
(1, 'Vedran', 'Gložinić', 'vedglozin', 'vglozinic@gmail.com', 'M', '091 837 9483', '1994-04-28', 'zanajezena', 'e1c399929f12c4335cfaccd0ad25ab16df81ea6afbc889bfde054eacfd2a7461', 'NE', 'hnvn549h09gh598jn450gm4509gj54g95j49fgj54f9', '2017-03-28 13:25:45', 0, 'DA', 'NE', 100, 3),
(2, 'Roman', 'Tomašković', 'romtomask', 'marstaha@gmail.com', 'M', '091 847 9284', '1991-01-01', 'autizambezgranica', '6af7ebe84f878d8f1c9a218bdbd8a46441c16a67a0f37771997b3a944be8095d', 'NE', 'hf4978f4h9fh9fh439fj94fj439fj349fh39fh349ds', '2017-03-28 13:33:37', 0, 'DA', 'NE', 10, 2),
(3, 'Mario', 'Štahan', 'marstahan', 'marstahan@gmail.com', 'M', '092 8492787', '1992-02-02', 'lozinka_marstahan', '6507e74bc70bea6b06dc637bebe90edb03d904d1fae3cc90f553cd283dbb7290', 'NE', 'hfdjfdfdsjdnjkfdnjfdfdfnsdjofndsjfnsdjfndsf', '2017-03-28 13:39:57', 0, 'DA', 'NE', 100, 2),
(4, 'Ivan', 'Vinšćak', 'ivavinsk', 'ivavinsk@gmail.com', 'M', '093 8439284', '1993-03-03', 'lozinka_ivavinsk', '68c5c234f2616253a857c0b89c6316930fe3a32bcd31adfb76995bc4098a9fe8', 'NE', 'f2b30fce41e35a2ad3f2a67ba5ea023f9d255c9371b0ea8', '2017-03-28 13:40:13', 0, 'DA', 'NE', 100, 2),
(5, 'Gabriel', 'Ilić', 'gabilic', 'gabilic@gmail.com', 'M', '094 1235678', '1994-09-09', 'lozinka_gabilic', '862137d8a1e0a338c966cec73231b41902b0b39aa95185449f48cf9b1a6909b2', 'NE', 'fhudshdfjgnjdfgnjsdfkfnjksdpfnjh494h4hf49fh480', '2017-03-28 13:46:32', 3, 'DA', 'DA', 100, 1),
(6, 'Andrej', 'Tetec', 'andretet', 'andretet@gmail.com', 'M', '094 9873647', '1994-04-04', 'lozinka_andretet', 'a77a1955271808a38d77cb70e89030f107edeb440319d1ac31d88c3c7b62db38', 'NE', 'fj349f874h09fh40gh370h083fh304f7h43fhb0hff4f', '2017-03-28 13:53:16', 0, 'DA', 'NE', 320, 2),
(7, 'Fran', 'Goldner', 'frangoldner', 'fran.goldner@gmail.co', 'M', '091 154 8214', '1995-05-05', 'lozinka123', '2145b617d02e511cf1ff456be0b50ae4d121562f8ef82beaabd5c6f9f88556f7', 'NE', 'ch9748h8fh4f987g09dg8094f9g9f6g08dfgh0f86g4f6z', '2017-03-28 13:58:01', 0, 'DA', 'NE', 290, 2),
(8, 'Ivan', 'Babić', 'ivabab', 'ivbab@gmail.com', 'M', '096 6127489', '1996-06-06', 'lozinka_ivabab', '2db5f7578243799c8e1ee7d3012047571264e78fef172c495e1689c2340cddc3', 'DA', 'f84fz349fh349fhb4f934hfb9403fgh34fz6h3649fh4', '2017-03-28 13:57:04', 0, 'DA', 'NE', 100, 1),
(9, 'Marko', 'Hren', 'marhren2', 'marhren@foi.hr', 'M', '097 17283948', '1997-07-07', 'panther5', '7037d123dae934c50fb66773f3105787bdba6c699b7bd4903c5bd7530fbdbea0', 'NE', 'hf937t3zhdg8tg4d8z8g8dzgdt784gd7g47tg4trge7rg', '2017-03-28 13:56:55', 0, 'DA', 'NE', 100, 2),
(10, 'Luka', 'Ilić', 'lukilic', 'lukilic@gmail.com', 'M', '098 8439284', '1998-08-08', 'lozinka_lukilic', '8fcc1933e9ebfecc433c73da13fea9905cde912b8dfb12819b6df1d9b8aa8ab0', 'DA', 'fd3479fd6h34dg78d96g47tr4grtge8743gd74d47gd4', '2017-03-28 13:55:32', 3, 'DA', 'NE', 100, 1),
(13, 'Assad', 'Assad', 'assad.mossad', 'vglnic@gmail.com', 'M', '091 928 1938', '1994-04-28', 'blablalba', '672e91bf0149758cbcc64ad5a9475a3cbca27bfd1604611628611859811b9b54', 'NE', '672e91bf0149758cbcc64ad5a9475a3cbca27bfd1604611628611859811b9b54', '2017-05-23 20:07:52', 0, 'DA', 'NE', 550, 1),
(14, 'Piko', 'Lini', 'pikolini', 'vglonic@gmail.com', 'M', '091 394 2948', '1992-04-28', '5EqSkeU3', 'fbcde2d40ffa632be8630f4bbf3916fd26bbd9032900b5e02d6580eb693fe9f9', 'DA', '19ab1d8bcbfaf7bfd3bf2d896c7704f4fa35cd05', '2017-05-24 19:22:12', 0, 'DA', 'NE', 100, 2),
(24, 'Volster', 'Vec', 'volstervec', 'volstevec@gmail.com', 'M', '091 394 2948', '1992-04-28', 'asdfghjkl', 'db9ddc9c1d0c62e44267619798520aba3f269f901fb706fd5a461c0e36fef60b', 'NE', '584edd52174b533d42d4f29353dd71c671b93f34', '2017-05-27 14:28:10', 0, 'DA', 'NE', 770, 1),
(25, 'Ana', 'Lazar', 'analazar', 'volstervec@hotmail.com', 'F', '091 394 2948', '1994-04-11', 'analazar', '39be235d59a1a2274c547d61c157b2a193d29cee3e5715b39b6df209dd845386', 'NE', '7bf12381217d74312b6e829f1065ff6d25295b92', '2017-06-03 17:57:05', 0, 'DA', 'NE', 1290, 1),
(27, 'Eternal', 'Soap', 'eternalsoap', 'romtomask@foi.hr', 'M', '091 394 2948', '1992-04-28', 'eternalsoap', '9da441b04b81b4c2de781cc8afefc7c3e856bbc5abee08d083fa3670a627c622', 'NE', '226799c5096488b6f804e859bf7bc7f8827cecd4', '2017-06-03 18:03:21', 0, 'DA', 'NE', 670, 1),
(28, 'Blablaba', 'Bblalala', 'blalblalbla', 'blalblalblasdla@gmail.com', 'M', '091 948 8273', '1992-04-28', 'blablabla', '76d9fbe752c9d3e1ff7c980bf08ac24bab25b837e1a6475f2b3dcbfdce38c923', 'NE', 'addea60eae5a1a3a0dddbc751f6f639422e5b9bd', '2017-06-03 18:04:02', 0, 'DA', 'NE', 670, 1),
(29, 'Fran', 'Goldner', 'fragoldne', 'fran.goldner@gmail.com', 'M', '091 154 8214', '1995-01-04', 'Lozinka123', '7e7bb58efce1cfb4ac3c05bba79d4b00c56b639fe6224454952f36ad42efac04', 'NE', '2660a534dbfe4c29060433e0eb25cc8016c00919', '2017-06-16 01:47:20', 0, 'DA', 'NE', 1480, 1),
(30, 'Mirko', 'Kotok', 'mirko.kokot', 'vedglozin@goy.hr', 'M', '091 394 2948', '1992-04-28', 'nekajnekaj', 'd97dd35785831d422ba0789469f38cfa10a70cebffd00ca802ff5e43dfa3a1b3', 'DA', '260897360c9dd207abef3fe4166ee39e7a287c5d', '2017-06-15 23:16:20', 0, 'DA', 'NE', 1000, 1);

-- --------------------------------------------------------

--
-- Table structure for table `kosarica`
--

CREATE TABLE IF NOT EXISTS `kosarica` (
  `id_korisnik` int(11) NOT NULL,
  `id_popust` int(11) NOT NULL,
  `kod` char(10) NOT NULL,
  `datum` date NOT NULL,
  UNIQUE KEY `kod_UNIQUE` (`kod`),
  KEY `fk_korisnik_has_popust_popust1_idx` (`id_popust`),
  KEY `fk_korisnik_has_popust_korisnik1_idx` (`id_korisnik`)
) ENGINE=InnoDB DEFAULT CHARSET=utf8;

--
-- Dumping data for table `kosarica`
--

INSERT INTO `kosarica` (`id_korisnik`, `id_popust`, `kod`, `datum`) VALUES
(25, 38, '0425198673', '2017-06-13'),
(25, 39, '0425398761', '2017-06-13'),
(25, 38, '0894136725', '2017-06-13'),
(25, 39, '0894762351', '2017-06-12'),
(25, 38, '1036875294', '2017-06-13'),
(25, 38, '1456837902', '2017-06-13'),
(25, 38, '1689043725', '2017-06-12'),
(25, 38, '1749325860', '2017-06-13'),
(7, 38, '1864750392', '2017-06-15'),
(7, 16, '2104011946', '2017-05-19'),
(7, 38, '2153960478', '2017-06-15'),
(25, 39, '2195043867', '2017-06-13'),
(25, 39, '2431807659', '2017-06-13'),
(25, 38, '2537698140', '2017-06-13'),
(25, 40, '2936857410', '2017-06-13'),
(9, 12, '3569737536', '2017-04-05'),
(25, 39, '3890417652', '2017-06-12'),
(25, 38, '4108692753', '2017-06-12'),
(10, 24, '4393482887', '2017-06-09'),
(25, 39, '4508627193', '2017-06-13'),
(5, 5, '4570901973', '2017-06-01'),
(25, 38, '4903562187', '2017-06-15'),
(5, 1, '5255313175', '2017-06-05'),
(25, 40, '5483961702', '2017-06-13'),
(25, 38, '6140875392', '2017-06-13'),
(6, 10, '6163292929', '2017-06-04'),
(25, 39, '6190357248', '2017-06-13'),
(25, 39, '6578320194', '2017-06-13'),
(7, 40, '6719423058', '2017-06-15'),
(25, 38, '6958473120', '2017-06-13'),
(8, 25, '7284957674', '2017-04-26'),
(25, 38, '7314960528', '2017-06-13'),
(25, 40, '7328159640', '2017-06-13'),
(25, 40, '7365842910', '2017-06-13'),
(25, 38, '7458961302', '2017-06-13'),
(25, 38, '8054931762', '2017-06-13'),
(25, 38, '8124570369', '2017-06-13'),
(25, 39, '8263794510', '2017-06-13'),
(9, 20, '8532057222', '2017-05-02'),
(8, 8, '9325396589', '2017-04-12'),
(25, 40, '9358217406', '2017-06-12'),
(7, 15, '9433492727', '2017-05-17'),
(25, 38, '9642381075', '2017-06-12'),
(25, 38, '9652071348', '2017-06-13');

-- --------------------------------------------------------

--
-- Table structure for table `kupon`
--

CREATE TABLE IF NOT EXISTS `kupon` (
  `id_kupon` int(11) NOT NULL AUTO_INCREMENT,
  `naziv` varchar(100) NOT NULL,
  `pdf_putanja` text NOT NULL,
  `slika_putanja` text NOT NULL,
  `video_putanja` text,
  PRIMARY KEY (`id_kupon`),
  UNIQUE KEY `naziv_UNIQUE` (`naziv`)
) ENGINE=InnoDB  DEFAULT CHARSET=utf8 AUTO_INCREMENT=13 ;

--
-- Dumping data for table `kupon`
--

INSERT INTO `kupon` (`id_kupon`, `naziv`, `pdf_putanja`, `slika_putanja`, `video_putanja`) VALUES
(1, 'Popust od 10%', 'kuponi/pdf/deset_posto.pdf', 'kuponi/img/10posto.jpg', NULL),
(2, 'Popust od 20%', 'kuponi/pdf/dvadeset_posto.pdf', 'kuponi/img/20posto.jpg', NULL),
(3, 'Popust od 50%', 'kuponi/pdf/pedeset_posto.pdf', 'kuponi/img/50posto.jpg', NULL);

-- --------------------------------------------------------

--
-- Table structure for table `polaznik`
--

CREATE TABLE IF NOT EXISTS `polaznik` (
  `id_polaznik` int(11) NOT NULL AUTO_INCREMENT,
  `aktivan` char(2) NOT NULL,
  `zabranjen` char(2) NOT NULL,
  `id_program` int(11) NOT NULL,
  `id_korisnik` int(11) NOT NULL,
  PRIMARY KEY (`id_polaznik`),
  KEY `fk_polaznik_program1_idx` (`id_program`),
  KEY `fk_polaznik_korisnik1_idx` (`id_korisnik`)
) ENGINE=InnoDB  DEFAULT CHARSET=utf8 AUTO_INCREMENT=91 ;

--
-- Dumping data for table `polaznik`
--

INSERT INTO `polaznik` (`id_polaznik`, `aktivan`, `zabranjen`, `id_program`, `id_korisnik`) VALUES
(1, 'DA', 'NE', 1, 5),
(2, 'DA', 'NE', 1, 6),
(3, 'NE', 'NE', 1, 7),
(4, 'DA', 'NE', 1, 8),
(5, 'NE', 'NE', 1, 9),
(6, 'NE', 'NE', 1, 10),
(7, 'NE', 'NE', 2, 5),
(8, 'NE', 'NE', 2, 6),
(9, 'NE', 'NE', 2, 7),
(10, 'NE', 'NE', 2, 8),
(11, 'NE', 'NE', 2, 9),
(12, 'NE', 'NE', 2, 10),
(13, 'NE', 'NE', 3, 5),
(14, 'NE', 'NE', 3, 6),
(15, 'NE', 'NE', 3, 7),
(16, 'NE', 'NE', 3, 8),
(17, 'NE', 'NE', 3, 9),
(18, 'NE', 'NE', 3, 10),
(19, 'NE', 'NE', 4, 5),
(20, 'NE', 'NE', 4, 6),
(21, 'NE', 'NE', 4, 7),
(22, 'NE', 'NE', 4, 8),
(23, 'NE', 'NE', 4, 9),
(24, 'NE', 'NE', 4, 10),
(25, 'NE', 'NE', 5, 5),
(26, 'NE', 'NE', 5, 6),
(27, 'NE', 'NE', 5, 7),
(28, 'NE', 'NE', 5, 8),
(29, 'NE', 'NE', 5, 9),
(30, 'NE', 'NE', 5, 10),
(31, 'NE', 'NE', 6, 5),
(32, 'NE', 'NE', 6, 6),
(33, 'NE', 'NE', 6, 7),
(34, 'NE', 'NE', 6, 8),
(35, 'NE', 'NE', 6, 9),
(36, 'NE', 'NE', 6, 10),
(37, 'DA', 'NE', 7, 5),
(39, 'DA', 'DA', 7, 6),
(48, 'DA', 'NE', 21, 25),
(50, 'DA', 'NE', 1, 25),
(51, 'DA', 'NE', 21, 24),
(52, 'NE', 'NE', 21, 27),
(53, 'NE', 'NE', 21, 28),
(54, 'DA', 'NE', 32, 7),
(55, 'NE', 'NE', 21, 7),
(56, 'DA', 'NE', 33, 25),
(57, 'NE', 'NE', 33, 1),
(58, 'DA', 'NE', 33, 29),
(59, 'DA', 'NE', 31, 29),
(60, 'NE', 'NE', 4, 29),
(61, 'DA', 'NE', 1, 29),
(62, 'NE', 'NE', 21, 29),
(63, 'DA', 'NE', 28, 29),
(64, 'DA', 'NE', 30, 29),
(65, 'NE', 'NE', 32, 29),
(66, 'DA', 'NE', 28, 24),
(67, 'DA', 'NE', 28, 25),
(68, 'DA', 'NE', 28, 27),
(69, 'DA', 'NE', 28, 28),
(70, 'DA', 'NE', 28, 29),
(71, 'DA', 'NE', 30, 24),
(72, 'DA', 'NE', 30, 25),
(73, 'DA', 'NE', 30, 27),
(74, 'DA', 'NE', 30, 28),
(75, 'DA', 'NE', 30, 29),
(76, 'DA', 'NE', 31, 24),
(77, 'DA', 'NE', 31, 25),
(78, 'DA', 'DA', 31, 27),
(79, 'DA', 'NE', 31, 28),
(80, 'DA', 'NE', 31, 29),
(81, 'DA', 'NE', 32, 24),
(82, 'DA', 'NE', 32, 25),
(83, 'DA', 'NE', 32, 27),
(84, 'DA', 'NE', 32, 28),
(85, 'NE', 'NE', 32, 29),
(86, 'NE', 'NE', 21, 24),
(87, 'NE', 'NE', 21, 25),
(88, 'NE', 'NE', 21, 27),
(89, 'NE', 'NE', 21, 28),
(90, 'NE', 'NE', 21, 29);

-- --------------------------------------------------------

--
-- Table structure for table `popust`
--

CREATE TABLE IF NOT EXISTS `popust` (
  `id_popust` int(11) NOT NULL AUTO_INCREMENT,
  `potrebno` int(11) NOT NULL,
  `od` date NOT NULL,
  `do` date NOT NULL,
  `aktivan` char(2) NOT NULL,
  `id_kupon` int(11) NOT NULL,
  `id_program` int(11) NOT NULL,
  PRIMARY KEY (`id_popust`),
  KEY `fk_popust_kupon1_idx` (`id_kupon`),
  KEY `fk_popust_program1_idx` (`id_program`)
) ENGINE=InnoDB  DEFAULT CHARSET=utf8 AUTO_INCREMENT=43 ;

--
-- Dumping data for table `popust`
--

INSERT INTO `popust` (`id_popust`, `potrebno`, `od`, `do`, `aktivan`, `id_kupon`, `id_program`) VALUES
(1, 500, '2017-03-01', '2017-04-01', 'NE', 2, 1),
(3, 500, '2017-01-01', '2017-02-01', 'NE', 2, 3),
(4, 250, '2017-03-01', '2017-04-01', 'DA', 2, 4),
(5, 250, '2017-02-01', '2017-03-01', 'NE', 2, 5),
(8, 200, '2017-02-01', '2017-03-01', 'NE', 1, 2),
(9, 200, '2017-01-01', '2017-02-01', 'NE', 1, 3),
(10, 100, '2017-03-01', '2017-04-01', 'DA', 1, 4),
(11, 100, '2017-02-01', '2017-03-01', 'NE', 1, 5),
(12, 100, '2017-01-01', '2017-02-01', 'NE', 1, 6),
(14, 1000, '2017-02-01', '2017-03-01', 'NE', 3, 2),
(15, 1000, '2017-01-01', '2017-02-01', 'NE', 3, 3),
(16, 500, '2017-03-01', '2017-04-01', 'DA', 3, 4),
(18, 500, '2017-01-01', '2017-02-01', 'NE', 3, 6),
(20, 500, '2017-02-01', '2017-03-01', 'NE', 2, 2),
(24, 250, '2017-01-01', '2017-02-01', 'NE', 2, 6),
(25, 100, '2017-06-15', '2017-06-17', 'DA', 1, 1),
(35, 500, '2017-02-01', '2017-03-01', 'NE', 3, 5),
(38, 100, '2017-06-01', '2017-09-01', 'DA', 1, 21),
(39, 1000, '2017-06-01', '2017-06-16', 'DA', 2, 21),
(40, 200, '2017-06-12', '2017-06-16', 'DA', 3, 21),
(41, 1000, '2017-06-01', '2017-06-16', 'NE', 3, 1),
(42, 2000, '2017-06-16', '2017-06-19', 'DA', 1, 33);

-- --------------------------------------------------------

--
-- Table structure for table `program`
--

CREATE TABLE IF NOT EXISTS `program` (
  `id_program` int(11) NOT NULL AUTO_INCREMENT,
  `naziv` varchar(100) NOT NULL,
  `opis` text NOT NULL,
  `mjesec` tinyint(4) NOT NULL,
  `godina` int(11) NOT NULL,
  `broj_polaznika` int(11) NOT NULL,
  `broj_mjesta` int(11) NOT NULL,
  `aktivan` char(2) NOT NULL,
  `id_vrsta` int(11) NOT NULL,
  `id_trener` int(11) NOT NULL,
  PRIMARY KEY (`id_program`),
  KEY `fk_program_vrsta1_idx` (`id_vrsta`),
  KEY `fk_program_trener1_idx` (`id_trener`)
) ENGINE=InnoDB  DEFAULT CHARSET=utf8 AUTO_INCREMENT=35 ;

--
-- Dumping data for table `program`
--

INSERT INTO `program` (`id_program`, `naziv`, `opis`, `mjesec`, `godina`, `broj_polaznika`, `broj_mjesta`, `aktivan`, `id_vrsta`, `id_trener`) VALUES
(1, 'Snaga i izdržljivost', 'Ovo je individualni program koji se izvodi u ožujku', 3, 2017, 9, 15, 'DA', 1, 1),
(2, 'Snaga i izdržljivost', 'Ovo je individualni program koji se izvodi u veljači', 2, 2017, 9, 15, 'NE', 1, 5),
(3, 'Snaga i izdržljivost', 'Ovo je individualni program koji se izvodi u siječnju', 1, 2017, 9, 15, 'NE', 1, 9),
(4, 'Trčanje i vježbanje', 'Ovo je grupni program koji se izvodi u ožujku', 3, 2017, 18, 30, 'DA', 2, 2),
(5, 'Trčanje i vježbanje', 'Ovo je grupni program koji se izvodi u veljači', 2, 2017, 24, 30, 'NE', 2, 2),
(6, 'Trčanje i vježbanje', 'Ovo je grupni program koji se izvodi u siječnju', 1, 2017, 24, 30, 'NE', 2, 10),
(7, 'Dizanje utega', 'Ovo je muški program koji se izvodi u ožujku', 3, 2017, 15, 15, 'DA', 3, 3),
(8, 'Dizanje utega', 'Ovo je muški program koji se izvodi u veljači', 2, 2017, 15, 15, 'NE', 3, 7),
(9, 'Dizanje utega', 'Ovo je muški program koji se izvodi u siječnju', 1, 2017, 15, 15, 'NE', 3, 11),
(10, 'Joga', 'Ovo je ženski program koji se izvodi u ožujku', 3, 2017, 15, 15, 'DA', 4, 4),
(11, 'Joga', 'Ovo je ženski program koji se izvodi u veljači', 2, 2017, 15, 15, 'NE', 4, 8),
(12, 'Joga', 'Ovo je ženski program koji se izvodi u siječnju', 1, 2017, 15, 15, 'NE', 4, 12),
(20, 'Neki program', 'Nekakvi novi program.', 7, 2017, 0, 15, 'NE', 2, 2),
(21, 'Novi program', 'Testni program.', 8, 2017, -1, 10, 'DA', 1, 1),
(28, 'Test za termine', 'Doslovno to.', 7, 2017, 1, 15, 'DA', 2, 2),
(30, 'Program Srpanj', 'Neki opis.', 7, 2017, 1, 15, 'DA', 2, 2),
(31, 'Test Kolovoz', 'Blablalbla.', 8, 2017, 1, 15, 'DA', 2, 2),
(32, 'Test Siječanj 2018', 'Test opis.', 1, 2018, 1, 15, 'DA', 2, 2),
(33, 'Jako dobar program', 'U ovom terminu se izvode jako dobre vjezbe, i nikako nije naporno.', 1, 2018, 2, 30, 'DA', 44, 34);

-- --------------------------------------------------------

--
-- Table structure for table `statistika`
--

CREATE TABLE IF NOT EXISTS `statistika` (
  `id_statistika` int(11) NOT NULL AUTO_INCREMENT,
  `radnja` varchar(45) NOT NULL,
  `broj_bodova` int(45) NOT NULL,
  `datum` date NOT NULL,
  `id_korisnik` int(11) NOT NULL,
  PRIMARY KEY (`id_statistika`),
  KEY `fk_radnja_has_korisnik_korisnik1_idx` (`id_korisnik`)
) ENGINE=InnoDB  DEFAULT CHARSET=utf8 AUTO_INCREMENT=297 ;

--
-- Dumping data for table `statistika`
--

INSERT INTO `statistika` (`id_statistika`, `radnja`, `broj_bodova`, `datum`, `id_korisnik`) VALUES
(3, 'Prijava', 50, '2017-06-02', 24),
(4, 'Prijava', 50, '2017-06-01', 24),
(5, 'Prijava', 50, '2017-05-30', 24),
(6, 'Prijava', 50, '2017-05-30', 24),
(7, 'Prijava', 50, '2017-05-29', 24),
(8, 'Prijava', 50, '2017-05-28', 24),
(9, 'Prijava', 50, '2017-05-27', 24),
(10, 'Prijava', 50, '2017-05-26', 24),
(11, 'Prijava', 50, '2017-05-25', 24),
(12, 'Prijava', 50, '2017-05-24', 24),
(13, 'Prijava', 50, '2017-05-23', 24),
(14, 'Prijava', 50, '2017-05-22', 24),
(15, 'Prijava', 50, '2017-05-21', 24),
(16, 'Prijava', 50, '2017-05-20', 24),
(17, 'Prijava', 50, '2017-05-30', 6),
(18, 'Prijava', 50, '2017-05-29', 6),
(19, 'Prijava', 50, '2017-05-28', 6),
(20, 'Prijava', 50, '2017-05-27', 6),
(21, 'Prijava', 50, '2017-05-26', 6),
(22, 'Prijava', 50, '2017-05-25', 6),
(23, 'Prijava', 50, '2017-05-24', 6),
(24, 'Prijava', 50, '2017-05-23', 6),
(25, 'Prijava', 50, '2017-05-22', 6),
(26, 'Prijava', 50, '2017-05-21', 6),
(27, 'Prijava', 50, '2017-05-20', 6),
(28, 'Prijava', 50, '2017-05-30', 7),
(29, 'Prijava', 50, '2017-05-29', 7),
(30, 'Prijava', 50, '2017-05-28', 7),
(31, 'Prijava', 50, '2017-05-27', 7),
(32, 'Prijava', 50, '2017-05-26', 7),
(33, 'Prijava', 50, '2017-05-25', 7),
(34, 'Prijava', 50, '2017-05-24', 7),
(35, 'Prijava', 50, '2017-05-23', 7),
(36, 'Prijava', 50, '2017-05-22', 7),
(37, 'Prijava', 50, '2017-05-21', 7),
(38, 'Prijava', 50, '2017-05-20', 7),
(39, 'Prijava', 50, '2017-05-30', 8),
(40, 'Prijava', 50, '2017-05-29', 8),
(41, 'Prijava', 50, '2017-05-28', 8),
(42, 'Prijava', 50, '2017-05-27', 8),
(43, 'Prijava', 50, '2017-05-26', 8),
(44, 'Prijava', 50, '2017-05-25', 8),
(45, 'Prijava', 50, '2017-05-24', 8),
(46, 'Prijava', 50, '2017-05-23', 8),
(47, 'Prijava', 50, '2017-05-22', 8),
(48, 'Prijava', 50, '2017-05-21', 8),
(49, 'Prijava', 50, '2017-05-20', 8),
(50, 'Pregled programa', 20, '2017-05-30', 24),
(51, 'Pregled programa', 20, '2017-05-29', 24),
(52, 'Pregled programa', 20, '2017-05-28', 24),
(53, 'Pregled programa', 20, '2017-05-27', 24),
(54, 'Pregled programa', 20, '2017-05-26', 24),
(55, 'Pregled programa', 20, '2017-05-25', 24),
(56, 'Pregled programa', 20, '2017-05-24', 24),
(57, 'Pregled programa', 20, '2017-05-23', 24),
(58, 'Pregled programa', 20, '2017-05-22', 24),
(59, 'Pregled programa', 20, '2017-05-21', 24),
(60, 'Pregled programa', 20, '2017-05-20', 24),
(61, 'Pregled programa', 20, '2017-05-30', 6),
(62, 'Pregled programa', 20, '2017-05-29', 6),
(63, 'Pregled programa', 20, '2017-05-28', 6),
(64, 'Pregled programa', 20, '2017-05-27', 6),
(65, 'Pregled programa', 20, '2017-05-26', 6),
(66, 'Pregled programa', 20, '2017-05-25', 6),
(67, 'Pregled programa', 20, '2017-05-24', 6),
(68, 'Pregled programa', 20, '2017-05-23', 6),
(69, 'Pregled programa', 20, '2017-05-22', 6),
(70, 'Pregled programa', 20, '2017-05-21', 6),
(71, 'Pregled programa', 20, '2017-05-20', 6),
(72, 'Pregled programa', 20, '2017-05-30', 7),
(73, 'Pregled programa', 20, '2017-05-29', 7),
(74, 'Pregled programa', 20, '2017-05-28', 7),
(75, 'Pregled programa', 20, '2017-05-27', 7),
(76, 'Pregled programa', 20, '2017-05-26', 7),
(77, 'Pregled programa', 20, '2017-05-25', 7),
(78, 'Pregled programa', 20, '2017-05-24', 7),
(79, 'Pregled programa', 20, '2017-05-23', 7),
(80, 'Pregled programa', 20, '2017-05-22', 7),
(81, 'Pregled programa', 20, '2017-05-21', 7),
(82, 'Pregled programa', 20, '2017-05-20', 7),
(83, 'Pregled programa', 20, '2017-05-30', 8),
(84, 'Pregled programa', 20, '2017-05-29', 8),
(85, 'Pregled programa', 20, '2017-05-28', 8),
(86, 'Pregled programa', 20, '2017-05-27', 8),
(87, 'Pregled programa', 20, '2017-05-26', 8),
(88, 'Pregled programa', 20, '2017-05-25', 8),
(89, 'Pregled programa', 20, '2017-05-24', 8),
(90, 'Pregled programa', 20, '2017-05-23', 8),
(91, 'Pregled programa', 20, '2017-05-22', 8),
(92, 'Pregled programa', 20, '2017-05-21', 8),
(93, 'Pregled programa', 20, '2017-05-20', 8),
(94, 'Pregled kupona', 20, '2017-05-30', 24),
(95, 'Pregled kupona', 20, '2017-05-29', 24),
(96, 'Pregled kupona', 20, '2017-05-28', 24),
(97, 'Pregled kupona', 20, '2017-05-27', 24),
(98, 'Pregled kupona', 20, '2017-05-26', 24),
(99, 'Pregled kupona', 20, '2017-05-25', 24),
(100, 'Pregled kupona', 20, '2017-05-24', 24),
(101, 'Pregled kupona', 20, '2017-05-23', 24),
(102, 'Pregled kupona', 20, '2017-05-22', 24),
(103, 'Pregled kupona', 20, '2017-05-21', 24),
(104, 'Pregled kupona', 20, '2017-05-20', 24),
(105, 'Pregled kupona', 20, '2017-05-30', 6),
(106, 'Pregled kupona', 20, '2017-05-29', 6),
(107, 'Pregled kupona', 20, '2017-05-28', 6),
(108, 'Pregled kupona', 20, '2017-05-27', 6),
(109, 'Pregled kupona', 20, '2017-05-26', 6),
(110, 'Pregled kupona', 20, '2017-05-25', 6),
(111, 'Pregled kupona', 20, '2017-05-24', 6),
(112, 'Pregled kupona', 20, '2017-05-23', 6),
(113, 'Pregled kupona', 20, '2017-05-22', 6),
(114, 'Pregled kupona', 20, '2017-05-21', 6),
(115, 'Pregled kupona', 20, '2017-05-20', 6),
(116, 'Pregled kupona', 20, '2017-05-30', 7),
(117, 'Pregled kupona', 20, '2017-05-29', 7),
(118, 'Pregled kupona', 20, '2017-05-28', 7),
(119, 'Pregled kupona', 20, '2017-05-27', 7),
(120, 'Pregled kupona', 20, '2017-05-26', 7),
(121, 'Pregled kupona', 20, '2017-05-25', 7),
(122, 'Pregled kupona', 20, '2017-05-24', 7),
(123, 'Pregled kupona', 20, '2017-05-23', 7),
(124, 'Pregled kupona', 20, '2017-05-22', 7),
(125, 'Pregled kupona', 20, '2017-05-21', 7),
(126, 'Pregled kupona', 20, '2017-05-20', 7),
(127, 'Pregled kupona', 20, '2017-05-30', 8),
(128, 'Pregled kupona', 20, '2017-05-29', 8),
(129, 'Pregled kupona', 20, '2017-05-28', 8),
(130, 'Pregled kupona', 20, '2017-05-27', 8),
(131, 'Pregled kupona', 20, '2017-05-26', 8),
(132, 'Pregled kupona', 20, '2017-05-25', 8),
(133, 'Pregled kupona', 20, '2017-05-24', 8),
(134, 'Pregled kupona', 20, '2017-05-23', 8),
(135, 'Pregled kupona', 20, '2017-05-22', 8),
(136, 'Pregled kupona', 20, '2017-05-21', 8),
(137, 'Pregled kupona', 20, '2017-05-20', 8),
(138, 'Prijava u program', 100, '2017-05-12', 24),
(139, 'Prijava u program', 100, '2017-05-17', 6),
(140, 'Prijava u program', 100, '2017-05-25', 7),
(141, 'Prijava u program', 100, '2017-05-29', 8),
(142, 'Uspješna kupnja', 100, '2017-05-01', 24),
(143, 'Uspješna kupnja', 100, '2017-05-02', 6),
(144, 'Uspješna kupnja', 100, '2017-05-06', 7),
(145, 'Uspješna kupnja', 100, '2017-05-09', 8),
(146, 'Kupnja kupona', -150, '2017-05-01', 24),
(147, 'Kupnja kupona', -500, '2017-05-02', 6),
(148, 'Kupnja kupona', -200, '2017-05-06', 7),
(149, 'Kupnja kupona', -1000, '2017-05-09', 8),
(150, 'Kupnja kupona', -250, '2017-05-16', 24),
(151, 'Kupnja kupona', -700, '2017-05-12', 6),
(152, 'Kupnja kupona', -100, '2017-05-17', 7),
(153, 'Kupnja kupona', -100, '2017-05-15', 8),
(155, 'Prijava', 50, '2017-06-04', 24),
(156, 'Prijava', 50, '2017-06-03', 25),
(157, 'Prijava', 50, '2017-06-05', 6),
(158, 'Pregled programa', 20, '2017-06-05', 6),
(159, 'Prijava u program', 100, '2017-06-05', 6),
(160, 'Prijava', 50, '2017-06-05', 25),
(161, 'Pregled programa', 20, '2017-06-05', 25),
(162, 'Prijava', 50, '2017-06-06', 25),
(163, 'Pregled programa', 20, '2017-06-06', 25),
(164, 'Prijava', 50, '2017-06-06', 6),
(165, 'Prijava', 50, '2017-06-07', 25),
(166, 'Pregled programa', 20, '2017-06-07', 25),
(167, 'Prijava u program', 100, '2017-06-07', 25),
(168, 'Prijava', 50, '2017-06-09', 25),
(169, 'Pregled programa', 20, '2017-06-09', 25),
(170, 'Prijava u program', 100, '2017-06-09', 25),
(171, 'Prijava', 50, '2017-06-10', 25),
(172, 'Pregled programa', 20, '2017-06-10', 25),
(173, 'Prijava u program', 100, '2017-06-10', 25),
(174, 'Prijava', 50, '2017-06-11', 25),
(175, 'Prijava', 50, '2017-06-11', 24),
(176, 'Pregled programa', 20, '2017-06-11', 24),
(177, 'Prijava u program', 100, '2017-06-11', 24),
(178, 'Pregled programa', 20, '2017-06-11', 25),
(179, 'Prijava', 50, '2017-06-11', 27),
(180, 'Pregled programa', 20, '2017-06-11', 27),
(181, 'Prijava u program', 100, '2017-06-11', 27),
(182, 'Prijava', 50, '2017-06-11', 28),
(183, 'Pregled programa', 20, '2017-06-11', 28),
(184, 'Prijava u program', 100, '2017-06-11', 28),
(185, 'Prijava', 50, '2017-06-12', 25),
(186, 'Pregled kupona', 20, '2017-06-12', 25),
(187, 'Kupnja kupona', -100, '2017-06-12', 25),
(188, 'Kupnja kupona', 100, '2017-06-12', 25),
(189, 'Kupnja kupona', -100, '2017-06-12', 25),
(190, 'Kupnja kupona', 100, '2017-06-12', 25),
(191, 'Kupnja kupona', -1000, '2017-06-12', 25),
(192, 'Kupnja kupona', 100, '2017-06-12', 25),
(193, 'Kupnja kupona', -1000, '2017-06-12', 25),
(194, 'Kupnja kupona', -100, '2017-06-12', 25),
(195, 'Kupnja kupona', 100, '2017-06-12', 25),
(196, 'Kupnja kupona', -1000, '2017-06-12', 25),
(197, 'Kupnja kupona', 100, '2017-06-12', 25),
(198, 'Kupnja kupona', -100, '2017-06-12', 25),
(199, 'Kupnja kupona', 100, '2017-06-12', 25),
(200, 'Kupnja kupona', -100, '2017-06-12', 25),
(201, 'Kupnja kupona', -1000, '2017-06-12', 25),
(202, 'Kupnja kupona', -200, '2017-06-12', 25),
(203, 'Kupnja kupona', 100, '2017-06-12', 25),
(204, 'Kupnja kupona', -100, '2017-06-12', 25),
(205, 'Kupnja kupona', 100, '2017-06-12', 25),
(206, 'Prijava', 50, '2017-06-13', 25),
(207, 'Pregled kupona', 20, '2017-06-13', 25),
(208, 'Kupnja kupona', -1000, '2017-06-13', 25),
(209, 'Kupnja kupona', 100, '2017-06-13', 25),
(210, 'Pregled programa', 20, '2017-06-13', 25),
(211, 'Kupnja kupona', -100, '2017-06-13', 25),
(212, 'Kupnja kupona', 100, '2017-06-13', 25),
(213, 'Kupnja kupona', -100, '2017-06-13', 25),
(214, 'Kupnja kupona', 100, '2017-06-13', 25),
(215, 'Kupnja kupona', -100, '2017-06-13', 25),
(216, 'Kupnja kupona', 100, '2017-06-13', 25),
(217, 'Kupnja kupona', -100, '2017-06-13', 25),
(218, 'Kupnja kupona', 100, '2017-06-13', 25),
(219, 'Pregled kupona', 20, '2017-06-13', 25),
(220, 'Pregled programa', 20, '2017-06-13', 25),
(221, 'Pregled kupona', 20, '2017-06-13', 25),
(222, 'Pregled programa', 20, '2017-06-13', 25),
(223, 'Pregled kupona', 20, '2017-06-13', 25),
(224, 'Pregled programa', 20, '2017-06-13', 25),
(225, 'Pregled kupona', 20, '2017-06-13', 25),
(226, 'Pregled programa', 20, '2017-06-13', 25),
(227, 'Pregled kupona', 20, '2017-06-13', 25),
(228, 'Pregled programa', 20, '2017-06-13', 25),
(229, 'Pregled programa', 20, '2017-06-13', 25),
(230, 'Pregled programa', 20, '2017-06-13', 25),
(231, 'Pregled programa', 20, '2017-06-13', 25),
(232, 'Pregled programa', 20, '2017-06-13', 25),
(233, 'Pregled programa', 20, '2017-06-13', 25),
(234, 'Pregled programa', 20, '2017-06-13', 25),
(235, 'Pregled programa', 20, '2017-06-13', 25),
(236, 'Pregled programa', 20, '2017-06-13', 25),
(237, 'Pregled programa', 20, '2017-06-13', 25),
(238, 'Pregled programa', 20, '2017-06-13', 25),
(239, 'Kupnja kupona', -100, '2017-06-13', 25),
(240, 'Kupnja kupona', -1000, '2017-06-13', 25),
(241, 'Kupnja kupona', -200, '2017-06-13', 25),
(242, 'Kupnja kupona', 100, '2017-06-13', 25),
(243, 'Kupnja kupona', -100, '2017-06-13', 25),
(244, 'Kupnja kupona', -1000, '2017-06-13', 25),
(245, 'Kupnja kupona', -200, '2017-06-13', 25),
(246, 'Kupnja kupona', 100, '2017-06-13', 25),
(247, 'Kupnja kupona', -100, '2017-06-13', 25),
(248, 'Kupnja kupona', -100, '2017-06-13', 25),
(249, 'Kupnja kupona', -100, '2017-06-13', 25),
(250, 'Kupnja kupona', -100, '2017-06-13', 25),
(251, 'Kupnja kupona', 100, '2017-06-13', 25),
(252, 'Kupnja kupona', -1000, '2017-06-13', 25),
(253, 'Kupnja kupona', -1000, '2017-06-13', 25),
(254, 'Kupnja kupona', -100, '2017-06-13', 25),
(255, 'Kupnja kupona', -200, '2017-06-13', 25),
(256, 'Kupnja kupona', -1000, '2017-06-13', 25),
(257, 'Kupnja kupona', -100, '2017-06-13', 25),
(258, 'Kupnja kupona', -1000, '2017-06-13', 25),
(259, 'Kupnja kupona', -200, '2017-06-13', 25),
(260, 'Kupnja kupona', 100, '2017-06-13', 25),
(261, 'Kupnja kupona', -100, '2017-06-13', 25),
(262, 'Kupnja kupona', 100, '2017-06-13', 25),
(263, 'Prijava', 50, '2017-06-14', 25),
(264, 'Pregled kupona', 20, '2017-06-14', 25),
(265, 'Prijava', 50, '2017-06-15', 25),
(266, 'Pregled kupona', 20, '2017-06-15', 25),
(267, 'Prijava', 50, '2017-06-15', 7),
(268, 'Pregled programa', 20, '2017-06-15', 7),
(269, 'Pregled programa', 20, '2017-06-15', 25),
(270, 'Prijava u program', 100, '2017-06-15', 7),
(271, 'Pregled kupona', 20, '2017-06-15', 7),
(272, 'Prijava u program', 100, '2017-06-15', 7),
(273, 'Kupnja kupona', -100, '2017-06-15', 7),
(274, 'Kupnja kupona', -200, '2017-06-15', 7),
(275, 'Kupnja kupona', 100, '2017-06-15', 7),
(276, 'Kupnja kupona', -100, '2017-06-15', 25),
(277, 'Kupnja kupona', 100, '2017-06-15', 25),
(278, 'Kupnja kupona', -100, '2017-06-15', 7),
(279, 'Kupnja kupona', 100, '2017-06-15', 7),
(280, 'Prijava u program', 100, '2017-06-15', 25),
(281, 'Prijava', 50, '2017-06-16', 29),
(282, 'Pregled kupona', 20, '2017-06-16', 29),
(283, 'Pregled programa', 20, '2017-06-16', 29),
(284, 'Prijava u program', 100, '2017-06-16', 29),
(285, 'Prijava u program', 100, '2017-06-16', 29),
(286, 'Prijava u program', 100, '2017-06-16', 29),
(287, 'Pregled programa', 20, '2017-06-15', 29),
(288, 'Pregled kupona', 20, '2017-06-15', 29),
(289, 'Prijava', 50, '2017-06-15', 29),
(290, 'Prijava u program', 100, '2017-06-15', 29),
(291, 'Prijava u program', 100, '2017-06-15', 29),
(292, 'Prijava u program', 100, '2017-06-15', 29),
(293, 'Prijava u program', 100, '2017-06-15', 29),
(294, 'Prijava u program', 100, '2017-06-15', 29),
(295, 'Kupnja kupona', 100, '2017-06-15', 25),
(296, 'Prijava', 50, '2017-06-15', 30);

-- --------------------------------------------------------

--
-- Table structure for table `termin`
--

CREATE TABLE IF NOT EXISTS `termin` (
  `id_termin` int(11) NOT NULL AUTO_INCREMENT,
  `dan` varchar(20) NOT NULL,
  `od` tinyint(4) NOT NULL,
  `do` tinyint(4) NOT NULL,
  `aktivan` char(2) NOT NULL,
  `id_program` int(11) NOT NULL,
  PRIMARY KEY (`id_termin`),
  KEY `fk_termin_program1_idx` (`id_program`)
) ENGINE=InnoDB  DEFAULT CHARSET=utf8 AUTO_INCREMENT=45 ;

--
-- Dumping data for table `termin`
--

INSERT INTO `termin` (`id_termin`, `dan`, `od`, `do`, `aktivan`, `id_program`) VALUES
(1, 'Utorak', 16, 18, 'NE', 1),
(2, 'Četvrtak', 14, 16, 'DA', 1),
(3, 'Utorak', 10, 12, 'NE', 4),
(4, 'Petak', 10, 12, 'DA', 4),
(5, 'Ponedjeljak', 14, 16, 'NE', 2),
(6, 'Srijeda', 16, 18, 'NE', 2),
(7, 'Utorak', 12, 14, 'NE', 5),
(8, 'Srijeda', 10, 12, 'NE', 5),
(9, 'Četvrtak', 10, 12, 'NE', 3),
(10, 'Petak', 16, 18, 'NE', 3),
(11, 'Srijeda', 12, 14, 'NE', 6),
(12, 'Petak', 12, 14, 'NE', 6),
(13, 'Srijeda', 12, 14, 'DA', 4),
(14, 'Utorak', 14, 16, 'NE', 21),
(15, 'Ponedjeljak', 8, 10, 'NE', 28),
(16, 'Ponedjeljak', 10, 12, 'NE', 28),
(17, 'Utorak', 12, 13, 'NE', 1),
(18, 'Ponedjeljak', 8, 10, 'NE', 28),
(19, 'Ponedjeljak', 8, 10, 'NE', 28),
(20, 'Utorak', 16, 18, 'DA', 21),
(21, 'Ponedjeljak', 12, 13, 'DA', 1),
(22, 'Ponedjeljak', 8, 10, 'NE', 1),
(23, 'Srijeda', 14, 16, 'DA', 30),
(24, 'Petak', 16, 18, 'DA', 31),
(25, 'Srijeda', 19, 20, 'DA', 32),
(26, 'Ponedjeljak', 8, 10, 'DA', 32),
(27, 'Srijeda', 8, 10, 'DA', 31),
(28, 'Cetvrtak', 8, 10, 'DA', 28),
(29, 'Petak', 16, 18, 'DA', 28),
(30, 'Ponedjeljak', 8, 10, 'DA', 28),
(31, 'Utorak', 11, 13, 'DA', 30),
(33, 'Ponedjeljak', 8, 10, 'DA', 21),
(34, 'Ponedjeljak', 10, 12, 'DA', 30),
(35, 'Četvrtak', 14, 16, 'DA', 28),
(36, 'Utorak', 13, 15, 'DA', 28),
(37, 'Srijeda', 12, 14, 'DA', 28),
(38, 'Utorak', 10, 12, 'DA', 1),
(39, 'Ponedjeljak', 8, 10, 'DA', 31),
(40, 'Ponedjeljak', 8, 10, 'NE', 33),
(41, 'Utorak', 8, 10, 'NE', 33),
(42, 'Ponedjeljak', 10, 12, 'DA', 33),
(43, 'Utorak', 10, 12, 'DA', 33);

-- --------------------------------------------------------

--
-- Table structure for table `trener`
--

CREATE TABLE IF NOT EXISTS `trener` (
  `id_trener` int(11) NOT NULL AUTO_INCREMENT,
  `id_korisnik` int(11) NOT NULL,
  `id_vrsta` int(11) NOT NULL,
  PRIMARY KEY (`id_trener`),
  KEY `fk_trener_korisnik1_idx` (`id_korisnik`),
  KEY `fk_trener_vrsta1_idx` (`id_vrsta`)
) ENGINE=InnoDB  DEFAULT CHARSET=utf8 AUTO_INCREMENT=47 ;

--
-- Dumping data for table `trener`
--

INSERT INTO `trener` (`id_trener`, `id_korisnik`, `id_vrsta`) VALUES
(1, 2, 1),
(2, 2, 2),
(3, 2, 3),
(4, 2, 4),
(5, 3, 1),
(6, 3, 2),
(7, 3, 3),
(8, 3, 4),
(9, 4, 1),
(10, 4, 2),
(11, 4, 3),
(12, 4, 4),
(17, 14, 2),
(19, 4, 44),
(20, 14, 44),
(23, 9, 2),
(25, 6, 1),
(26, 8, 1),
(28, 9, 1),
(29, 2, 44),
(34, 7, 44);

-- --------------------------------------------------------

--
-- Table structure for table `uloga`
--

CREATE TABLE IF NOT EXISTS `uloga` (
  `id_uloga` int(11) NOT NULL AUTO_INCREMENT,
  `naziv` varchar(20) NOT NULL,
  PRIMARY KEY (`id_uloga`),
  UNIQUE KEY `naziv_UNIQUE` (`naziv`)
) ENGINE=InnoDB  DEFAULT CHARSET=utf8 AUTO_INCREMENT=4 ;

--
-- Dumping data for table `uloga`
--

INSERT INTO `uloga` (`id_uloga`, `naziv`) VALUES
(3, 'Administrator'),
(1, 'Korisnik'),
(2, 'Moderator');

-- --------------------------------------------------------

--
-- Table structure for table `vrsta`
--

CREATE TABLE IF NOT EXISTS `vrsta` (
  `id_vrsta` int(11) NOT NULL AUTO_INCREMENT,
  `naziv` varchar(20) NOT NULL,
  PRIMARY KEY (`id_vrsta`),
  UNIQUE KEY `naziv_UNIQUE` (`naziv`)
) ENGINE=InnoDB  DEFAULT CHARSET=utf8 AUTO_INCREMENT=47 ;

--
-- Dumping data for table `vrsta`
--

INSERT INTO `vrsta` (`id_vrsta`, `naziv`) VALUES
(2, 'Grupno'),
(1, 'Individualno'),
(3, 'Muško'),
(44, 'Nešto drugo'),
(4, 'Žensko');

--
-- Constraints for dumped tables
--

--
-- Constraints for table `dnevnik`
--
ALTER TABLE `dnevnik`
  ADD CONSTRAINT `fk_dnevnik_korisnik` FOREIGN KEY (`id_korisnik`) REFERENCES `korisnik` (`id_korisnik`) ON DELETE NO ACTION ON UPDATE NO ACTION;

--
-- Constraints for table `evidencija`
--
ALTER TABLE `evidencija`
  ADD CONSTRAINT `fk_termin_has_polaznik_polaznik1` FOREIGN KEY (`id_polaznik`) REFERENCES `polaznik` (`id_polaznik`) ON DELETE NO ACTION ON UPDATE NO ACTION,
  ADD CONSTRAINT `fk_termin_has_polaznik_termin1` FOREIGN KEY (`id_termin`) REFERENCES `termin` (`id_termin`) ON DELETE NO ACTION ON UPDATE NO ACTION;

--
-- Constraints for table `kljuc`
--
ALTER TABLE `kljuc`
  ADD CONSTRAINT `fk_kljuc_korisnik1` FOREIGN KEY (`id_korisnik`) REFERENCES `korisnik` (`id_korisnik`) ON DELETE NO ACTION ON UPDATE NO ACTION;

--
-- Constraints for table `korisnik`
--
ALTER TABLE `korisnik`
  ADD CONSTRAINT `fk_korisnik_uloga1` FOREIGN KEY (`id_uloga`) REFERENCES `uloga` (`id_uloga`) ON DELETE NO ACTION ON UPDATE NO ACTION;

--
-- Constraints for table `kosarica`
--
ALTER TABLE `kosarica`
  ADD CONSTRAINT `fk_korisnik_has_popust_korisnik1` FOREIGN KEY (`id_korisnik`) REFERENCES `korisnik` (`id_korisnik`) ON DELETE NO ACTION ON UPDATE NO ACTION,
  ADD CONSTRAINT `fk_korisnik_has_popust_popust1` FOREIGN KEY (`id_popust`) REFERENCES `popust` (`id_popust`) ON DELETE NO ACTION ON UPDATE NO ACTION;

--
-- Constraints for table `polaznik`
--
ALTER TABLE `polaznik`
  ADD CONSTRAINT `fk_polaznik_korisnik1` FOREIGN KEY (`id_korisnik`) REFERENCES `korisnik` (`id_korisnik`) ON DELETE NO ACTION ON UPDATE NO ACTION,
  ADD CONSTRAINT `fk_polaznik_program1` FOREIGN KEY (`id_program`) REFERENCES `program` (`id_program`) ON DELETE NO ACTION ON UPDATE NO ACTION;

--
-- Constraints for table `popust`
--
ALTER TABLE `popust`
  ADD CONSTRAINT `fk_popust_kupon1` FOREIGN KEY (`id_kupon`) REFERENCES `kupon` (`id_kupon`) ON DELETE NO ACTION ON UPDATE NO ACTION,
  ADD CONSTRAINT `fk_popust_program1` FOREIGN KEY (`id_program`) REFERENCES `program` (`id_program`) ON DELETE NO ACTION ON UPDATE NO ACTION;

--
-- Constraints for table `program`
--
ALTER TABLE `program`
  ADD CONSTRAINT `fk_program_trener1` FOREIGN KEY (`id_trener`) REFERENCES `trener` (`id_trener`) ON DELETE NO ACTION ON UPDATE NO ACTION,
  ADD CONSTRAINT `fk_program_vrsta1` FOREIGN KEY (`id_vrsta`) REFERENCES `vrsta` (`id_vrsta`) ON DELETE NO ACTION ON UPDATE NO ACTION;

--
-- Constraints for table `statistika`
--
ALTER TABLE `statistika`
  ADD CONSTRAINT `fk_radnja_has_korisnik_korisnik1` FOREIGN KEY (`id_korisnik`) REFERENCES `korisnik` (`id_korisnik`) ON DELETE NO ACTION ON UPDATE NO ACTION;

--
-- Constraints for table `termin`
--
ALTER TABLE `termin`
  ADD CONSTRAINT `fk_termin_program1` FOREIGN KEY (`id_program`) REFERENCES `program` (`id_program`) ON DELETE NO ACTION ON UPDATE NO ACTION;

--
-- Constraints for table `trener`
--
ALTER TABLE `trener`
  ADD CONSTRAINT `fk_trener_korisnik1` FOREIGN KEY (`id_korisnik`) REFERENCES `korisnik` (`id_korisnik`) ON DELETE NO ACTION ON UPDATE NO ACTION,
  ADD CONSTRAINT `fk_trener_vrsta1` FOREIGN KEY (`id_vrsta`) REFERENCES `vrsta` (`id_vrsta`) ON DELETE NO ACTION ON UPDATE NO ACTION;

/*!40101 SET CHARACTER_SET_CLIENT=@OLD_CHARACTER_SET_CLIENT */;
/*!40101 SET CHARACTER_SET_RESULTS=@OLD_CHARACTER_SET_RESULTS */;
/*!40101 SET COLLATION_CONNECTION=@OLD_COLLATION_CONNECTION */;
